ID;Regiao intermediaria;Regiao imediata;Municipio;Bairro
1;Campo Grande;Campo Grande;Bandeirantes;Centro
2;Campo Grande;Campo Grande;Bandeirantes;Jardim Nova Bandeirantes
3;Campo Grande;Campo Grande;Bandeirantes;Silvino De Barros
4;Campo Grande;Campo Grande;Camapua;Bairro Alto
5;Campo Grande;Campo Grande;Camapua;Bairro Chacara Recrerio Brilhante
6;Campo Grande;Campo Grande;Camapua;Centro
7;Campo Grande;Campo Grande;Camapua;Coophavale
8;Campo Grande;Campo Grande;Camapua;Jardim America
9;Campo Grande;Campo Grande;Camapua;Lagoa
10;Campo Grande;Campo Grande;Camapua;Parque Dos Ipes
11;Campo Grande;Campo Grande;Camapua;Parque Dos Ypes
12;Campo Grande;Campo Grande;Camapua;Vila Izolina
13;Campo Grande;Campo Grande;Campo Grande;Agua Limpa Park
14;Campo Grande;Campo Grande;Campo Grande;Aguadinha
15;Campo Grande;Campo Grande;Campo Grande;Alphaville Campo Grande 4
16;Campo Grande;Campo Grande;Campo Grande;Amambai
17;Campo Grande;Campo Grande;Campo Grande;Anhandui
18;Campo Grande;Campo Grande;Campo Grande;Arnaldino Da Silva
19;Campo Grande;Campo Grande;Campo Grande;Arnaldo Estevao Figueiredo
20;Campo Grande;Campo Grande;Campo Grande;Ary Abussafi De Lima
21;Campo Grande;Campo Grande;Campo Grande;Bairro Nova Olinda
22;Campo Grande;Campo Grande;Campo Grande;Bairro Sao Pedro
23;Campo Grande;Campo Grande;Campo Grande;Bairro Seminario
24;Campo Grande;Campo Grande;Campo Grande;Bairro Taquarussu
25;Campo Grande;Campo Grande;Campo Grande;Bandeirantes
26;Campo Grande;Campo Grande;Campo Grande;Barao Do Rio Branco
27;Campo Grande;Campo Grande;Campo Grande;Bom Retiro
28;Campo Grande;Campo Grande;Campo Grande;Bonjardim
29;Campo Grande;Campo Grande;Campo Grande;Bosque Das Araras
30;Campo Grande;Campo Grande;Campo Grande;Bosque De Avilan
31;Campo Grande;Campo Grande;Campo Grande;Bosque Do Carvalho
32;Campo Grande;Campo Grande;Campo Grande;Cabreuva
33;Campo Grande;Campo Grande;Campo Grande;Cachoeira II
34;Campo Grande;Campo Grande;Campo Grande;Caicara
35;Campo Grande;Campo Grande;Campo Grande;Caranda Bosque
36;Campo Grande;Campo Grande;Campo Grande;Centenario
37;Campo Grande;Campo Grande;Campo Grande;Centro
38;Campo Grande;Campo Grande;Campo Grande;Chacara Cachoeira
39;Campo Grande;Campo Grande;Campo Grande;Chacara Das Mansoes
40;Campo Grande;Campo Grande;Campo Grande;Cidade Anhandui
41;Campo Grande;Campo Grande;Campo Grande;Cidade Jardim
42;Campo Grande;Campo Grande;Campo Grande;Cohafama
43;Campo Grande;Campo Grande;Campo Grande;Conjunto Aero Rancho
44;Campo Grande;Campo Grande;Campo Grande;Conjunto Habitacional Estrela D'Alva I
45;Campo Grande;Campo Grande;Campo Grande;Conjunto Habitacional Estrela D'Alva III
46;Campo Grande;Campo Grande;Campo Grande;Conjunto Habitacional Jardim Talisma
47;Campo Grande;Campo Grande;Campo Grande;Conjunto Habitacional Nascente Segredo
48;Campo Grande;Campo Grande;Campo Grande;Conjunto Iracy Coelho III
49;Campo Grande;Campo Grande;Campo Grande;Conjunto Jose Abrao
50;Campo Grande;Campo Grande;Campo Grande;Conjunto Parati II
51;Campo Grande;Campo Grande;Campo Grande;Conjunto Residencial Estrela Do Sul
52;Campo Grande;Campo Grande;Campo Grande;Conjunto Residencial Nova Olinda
53;Campo Grande;Campo Grande;Campo Grande;Conjunto Residencial Octavio Pecora
54;Campo Grande;Campo Grande;Campo Grande;Conjunto Residencial Recanto D
55;Campo Grande;Campo Grande;Campo Grande;Conjunto Residencial Recanto Dos Rouxinois
56;Campo Grande;Campo Grande;Campo Grande;Coophafe
57;Campo Grande;Campo Grande;Campo Grande;Coophamat
58;Campo Grande;Campo Grande;Campo Grande;Coopharadio
59;Campo Grande;Campo Grande;Campo Grande;Coophasul
60;Campo Grande;Campo Grande;Campo Grande;Coophatrabalho
61;Campo Grande;Campo Grande;Campo Grande;Coophavila II
62;Campo Grande;Campo Grande;Campo Grande;Coronel Antonino
63;Campo Grande;Campo Grande;Campo Grande;Distrito De Anhandui
64;Campo Grande;Campo Grande;Campo Grande;Dom Antonio Barbosa
65;Campo Grande;Campo Grande;Campo Grande;Guanabara
66;Campo Grande;Campo Grande;Campo Grande;Guanandi
67;Campo Grande;Campo Grande;Campo Grande;Guanandi II
68;Campo Grande;Campo Grande;Campo Grande;Itanhanga Park
69;Campo Grande;Campo Grande;Campo Grande;Jardim Aero Rancho
70;Campo Grande;Campo Grande;Campo Grande;Jardim Aeroporto
71;Campo Grande;Campo Grande;Campo Grande;Jardim Alto Sao Francisco
72;Campo Grande;Campo Grande;Campo Grande;Jardim America
73;Campo Grande;Campo Grande;Campo Grande;Jardim Anache
74;Campo Grande;Campo Grande;Campo Grande;Jardim Anapolis I
75;Campo Grande;Campo Grande;Campo Grande;Jardim Autonomista
76;Campo Grande;Campo Grande;Campo Grande;Jardim Auxiliadora
77;Campo Grande;Campo Grande;Campo Grande;Jardim Balsamo
78;Campo Grande;Campo Grande;Campo Grande;Jardim Batistao
79;Campo Grande;Campo Grande;Campo Grande;Jardim Bonanca
80;Campo Grande;Campo Grande;Campo Grande;Jardim Botanico
81;Campo Grande;Campo Grande;Campo Grande;Jardim Campina Verde
82;Campo Grande;Campo Grande;Campo Grande;Jardim Campo Alto
83;Campo Grande;Campo Grande;Campo Grande;Jardim Campo Belo
84;Campo Grande;Campo Grande;Campo Grande;Jardim Campo Nobre
85;Campo Grande;Campo Grande;Campo Grande;Jardim Canguru
86;Campo Grande;Campo Grande;Campo Grande;Jardim Carioca
87;Campo Grande;Campo Grande;Campo Grande;Jardim Centenario
88;Campo Grande;Campo Grande;Campo Grande;Jardim Centro Oeste
89;Campo Grande;Campo Grande;Campo Grande;Jardim Colibri
90;Campo Grande;Campo Grande;Campo Grande;Jardim Colibri II
91;Campo Grande;Campo Grande;Campo Grande;Jardim Colorado
92;Campo Grande;Campo Grande;Campo Grande;Jardim Columbia
93;Campo Grande;Campo Grande;Campo Grande;Jardim Corcovado
94;Campo Grande;Campo Grande;Campo Grande;Jardim Das Cerejeiras
95;Campo Grande;Campo Grande;Campo Grande;Jardim Das Hortencias
96;Campo Grande;Campo Grande;Campo Grande;Jardim Das Macaubas
97;Campo Grande;Campo Grande;Campo Grande;Jardim Das Nacoes
98;Campo Grande;Campo Grande;Campo Grande;Jardim Das Virtudes
99;Campo Grande;Campo Grande;Campo Grande;Jardim Do Ze Pereira
100;Campo Grande;Campo Grande;Campo Grande;Jardim Dos Estados
101;Campo Grande;Campo Grande;Campo Grande;Jardim Enseada Dos Passaros
102;Campo Grande;Campo Grande;Campo Grande;Jardim Ima
103;Campo Grande;Campo Grande;Campo Grande;Jardim Inapolis
104;Campo Grande;Campo Grande;Campo Grande;Jardim Italia
105;Campo Grande;Campo Grande;Campo Grande;Jardim Itamaraca
106;Campo Grande;Campo Grande;Campo Grande;Jardim Itapua
107;Campo Grande;Campo Grande;Campo Grande;Jardim Itatiaia
108;Campo Grande;Campo Grande;Campo Grande;Jardim Jacaranda
109;Campo Grande;Campo Grande;Campo Grande;Jardim Jacy
110;Campo Grande;Campo Grande;Campo Grande;Jardim Jatoba
111;Campo Grande;Campo Grande;Campo Grande;Jardim Jerusalem
112;Campo Grande;Campo Grande;Campo Grande;Jardim Jockey Club
113;Campo Grande;Campo Grande;Campo Grande;Jardim Leblon
114;Campo Grande;Campo Grande;Campo Grande;Jardim Manaira
115;Campo Grande;Campo Grande;Campo Grande;Jardim Mansur
116;Campo Grande;Campo Grande;Campo Grande;Jardim Marcos Roberto
117;Campo Grande;Campo Grande;Campo Grande;Jardim Moema
118;Campo Grande;Campo Grande;Campo Grande;Jardim Monte Alegre
119;Campo Grande;Campo Grande;Campo Grande;Jardim Monte Libano
120;Campo Grande;Campo Grande;Campo Grande;Jardim Montevideu
121;Campo Grande;Campo Grande;Campo Grande;Jardim Monumento
122;Campo Grande;Campo Grande;Campo Grande;Jardim Morenao
123;Campo Grande;Campo Grande;Campo Grande;Jardim Nashville
124;Campo Grande;Campo Grande;Campo Grande;Jardim Nhanha
125;Campo Grande;Campo Grande;Campo Grande;Jardim Noroeste
126;Campo Grande;Campo Grande;Campo Grande;Jardim Nossa Senhora Do Perpetuo Socorro
127;Campo Grande;Campo Grande;Campo Grande;Jardim Nova Capital
128;Campo Grande;Campo Grande;Campo Grande;Jardim Nova Era
129;Campo Grande;Campo Grande;Campo Grande;Jardim Paradiso
130;Campo Grande;Campo Grande;Campo Grande;Jardim Parati
131;Campo Grande;Campo Grande;Campo Grande;Jardim Paulista
132;Campo Grande;Campo Grande;Campo Grande;Jardim Paulo Coelho Machado
133;Campo Grande;Campo Grande;Campo Grande;Jardim Penfigo
134;Campo Grande;Campo Grande;Campo Grande;Jardim Petropolis
135;Campo Grande;Campo Grande;Campo Grande;Jardim Piratininga
136;Campo Grande;Campo Grande;Campo Grande;Jardim Presidente
137;Campo Grande;Campo Grande;Campo Grande;Jardim Radialista
138;Campo Grande;Campo Grande;Campo Grande;Jardim Samambaia
139;Campo Grande;Campo Grande;Campo Grande;Jardim Santa Emilia
140;Campo Grande;Campo Grande;Campo Grande;Jardim Santa Felicidade
141;Campo Grande;Campo Grande;Campo Grande;Jardim Sao Bento
142;Campo Grande;Campo Grande;Campo Grande;Jardim Sao Conrado
143;Campo Grande;Campo Grande;Campo Grande;Jardim Sao Lourenco
144;Campo Grande;Campo Grande;Campo Grande;Jardim Taruma
145;Campo Grande;Campo Grande;Campo Grande;Jardim Tijuca
146;Campo Grande;Campo Grande;Campo Grande;Jardim Tropical
147;Campo Grande;Campo Grande;Campo Grande;Jardim Tv Morena
148;Campo Grande;Campo Grande;Campo Grande;Jardim Uirapuru
149;Campo Grande;Campo Grande;Campo Grande;Jardim Veraneio
150;Campo Grande;Campo Grande;Campo Grande;Jardim Vida Nova
151;Campo Grande;Campo Grande;Campo Grande;Jardim Vida Nova II
152;Campo Grande;Campo Grande;Campo Grande;Jardim Vila Cidade
153;Campo Grande;Campo Grande;Campo Grande;Jd Monumento
154;Campo Grande;Campo Grande;Campo Grande;Jd.Bosque De Avilan
155;Campo Grande;Campo Grande;Campo Grande;Jockey Club
156;Campo Grande;Campo Grande;Campo Grande;Jose Tavares Do Couto
157;Campo Grande;Campo Grande;Campo Grande;Lagoa Dourada
158;Campo Grande;Campo Grande;Campo Grande;Lagoa Park
159;Campo Grande;Campo Grande;Campo Grande;Liberdade
160;Campo Grande;Campo Grande;Campo Grande;Los Angeles
161;Campo Grande;Campo Grande;Campo Grande;Loteamento Alto Da Boa Vista
162;Campo Grande;Campo Grande;Campo Grande;Loteamento Bela Laguna
163;Campo Grande;Campo Grande;Campo Grande;Loteamento Bosque Da Esperanca
164;Campo Grande;Campo Grande;Campo Grande;Loteamento Cristo Redentor
165;Campo Grande;Campo Grande;Campo Grande;Loteamento Dona Dede
166;Campo Grande;Campo Grande;Campo Grande;Loteamento Novo Dia
167;Campo Grande;Campo Grande;Campo Grande;Loteamento Praia Da Urca
168;Campo Grande;Campo Grande;Campo Grande;Loteamento Rancho Alegre II
169;Campo Grande;Campo Grande;Campo Grande;Loteamento Tarcila Do Amaral
170;Campo Grande;Campo Grande;Campo Grande;Loteamento Vespasiano Martins
171;Campo Grande;Campo Grande;Campo Grande;Maria Aparecida Pedrossian
172;Campo Grande;Campo Grande;Campo Grande;Mata Do Jacinto
173;Campo Grande;Campo Grande;Campo Grande;Mata Do Jacinto 3
174;Campo Grande;Campo Grande;Campo Grande;Mata Do Segredo
175;Campo Grande;Campo Grande;Campo Grande;Miguel Couto
176;Campo Grande;Campo Grande;Campo Grande;Monte Carlo
177;Campo Grande;Campo Grande;Campo Grande;Monte Castelo
178;Campo Grande;Campo Grande;Campo Grande;Morada Do Sol
179;Campo Grande;Campo Grande;Campo Grande;Morada Do Sossego
180;Campo Grande;Campo Grande;Campo Grande;Morada Dos Deuses
181;Campo Grande;Campo Grande;Campo Grande;Morada Verde
182;Campo Grande;Campo Grande;Campo Grande;Moreninha
183;Campo Grande;Campo Grande;Campo Grande;North Park
184;Campo Grande;Campo Grande;Campo Grande;Nova Lima
185;Campo Grande;Campo Grande;Campo Grande;Nova Sao Bento
186;Campo Grande;Campo Grande;Campo Grande;Novo Samambaia
187;Campo Grande;Campo Grande;Campo Grande;Nucleo Habitacional Buriti
188;Campo Grande;Campo Grande;Campo Grande;Nucleo Habitacional Universitarias
189;Campo Grande;Campo Grande;Campo Grande;Nucleo Industrial
190;Campo Grande;Campo Grande;Campo Grande;Olga
191;Campo Grande;Campo Grande;Campo Grande;Orpheu Bais
192;Campo Grande;Campo Grande;Campo Grande;Oscar Salazar Moura Da Cruz
193;Campo Grande;Campo Grande;Campo Grande;Panama
194;Campo Grande;Campo Grande;Campo Grande;Panorama
195;Campo Grande;Campo Grande;Campo Grande;Paraiso Do Lageado
196;Campo Grande;Campo Grande;Campo Grande;Parque Dallas
197;Campo Grande;Campo Grande;Campo Grande;Parque Do Lageado
198;Campo Grande;Campo Grande;Campo Grande;Parque Do Sol
199;Campo Grande;Campo Grande;Campo Grande;Parque Dos Laranjais
200;Campo Grande;Campo Grande;Campo Grande;Parque Dos Novos Estados
201;Campo Grande;Campo Grande;Campo Grande;Parque Novo Seculo
202;Campo Grande;Campo Grande;Campo Grande;Parque Residencial Azaleia
203;Campo Grande;Campo Grande;Campo Grande;Parque Residencial Dos Girassois
204;Campo Grande;Campo Grande;Campo Grande;Parque Residencial Iracy Coelho Netto
205;Campo Grande;Campo Grande;Campo Grande;Parque Residencial Rita Vieira
206;Campo Grande;Campo Grande;Campo Grande;Parque Residencial Uniao
207;Campo Grande;Campo Grande;Campo Grande;Pioneiros
208;Campo Grande;Campo Grande;Campo Grande;Polo Empresarial
209;Campo Grande;Campo Grande;Campo Grande;Polo Empresarial Oeste
210;Campo Grande;Campo Grande;Campo Grande;Portal Caioba
211;Campo Grande;Campo Grande;Campo Grande;Portal Caioba II
212;Campo Grande;Campo Grande;Campo Grande;Porto Galo
213;Campo Grande;Campo Grande;Campo Grande;Recanto Das Palmeiras
214;Campo Grande;Campo Grande;Campo Grande;Recanto Do Cerrado
215;Campo Grande;Campo Grande;Campo Grande;Residecial Nelson Trad
216;Campo Grande;Campo Grande;Campo Grande;Residencial Alto Tamandare
217;Campo Grande;Campo Grande;Campo Grande;Residencial Ana Maria Do Couto
218;Campo Grande;Campo Grande;Campo Grande;Residencial Aquarius II
219;Campo Grande;Campo Grande;Campo Grande;Residencial Atlantico Sul
220;Campo Grande;Campo Grande;Campo Grande;Residencial Betaville
221;Campo Grande;Campo Grande;Campo Grande;Residencial Buzios
222;Campo Grande;Campo Grande;Campo Grande;Residencial Damha II
223;Campo Grande;Campo Grande;Campo Grande;Residencial Estrela Park
224;Campo Grande;Campo Grande;Campo Grande;Residencial Figueiras Do Parque
225;Campo Grande;Campo Grande;Campo Grande;Residencial Flores
226;Campo Grande;Campo Grande;Campo Grande;Residencial Gama
227;Campo Grande;Campo Grande;Campo Grande;Residencial Hugo Rodrigues
228;Campo Grande;Campo Grande;Campo Grande;Residencial Joana D'Arc
229;Campo Grande;Campo Grande;Campo Grande;Residencial Joao Alberto A Dos
230;Campo Grande;Campo Grande;Campo Grande;Residencial Jose Teruel Filho
231;Campo Grande;Campo Grande;Campo Grande;Residencial Mario Covas
232;Campo Grande;Campo Grande;Campo Grande;Residencial Novo Seminario
233;Campo Grande;Campo Grande;Campo Grande;Residencial Oiti
234;Campo Grande;Campo Grande;Campo Grande;Residencial Oliveira
235;Campo Grande;Campo Grande;Campo Grande;Residencial Ramez Tebet
236;Campo Grande;Campo Grande;Campo Grande;Residencial Sirio Libanes I
237;Campo Grande;Campo Grande;Campo Grande;Residencial Sirio Libanes II
238;Campo Grande;Campo Grande;Campo Grande;Residencial Soter
239;Campo Grande;Campo Grande;Campo Grande;Residencial Terra Dos Pequis
240;Campo Grande;Campo Grande;Campo Grande;Residencial Terra Morena
241;Campo Grande;Campo Grande;Campo Grande;Residencial Tolentino
242;Campo Grande;Campo Grande;Campo Grande;Residencial Vila Bela
243;Campo Grande;Campo Grande;Campo Grande;Rita Vieira
244;Campo Grande;Campo Grande;Campo Grande;Riviera Park
245;Campo Grande;Campo Grande;Campo Grande;Royal Park
246;Campo Grande;Campo Grande;Campo Grande;Santa Dorithea
247;Campo Grande;Campo Grande;Campo Grande;Santa Dorothea
248;Campo Grande;Campo Grande;Campo Grande;Santa Dorotheia
249;Campo Grande;Campo Grande;Campo Grande;Santa Fe
250;Campo Grande;Campo Grande;Campo Grande;Santa Monica
251;Campo Grande;Campo Grande;Campo Grande;Santo Antonio
252;Campo Grande;Campo Grande;Campo Grande;Sao Francisco
253;Campo Grande;Campo Grande;Campo Grande;Sao Gabriel
254;Campo Grande;Campo Grande;Campo Grande;Serradinho
255;Campo Grande;Campo Grande;Campo Grande;Sobrinho
256;Campo Grande;Campo Grande;Campo Grande;Taquaral Bosque
257;Campo Grande;Campo Grande;Campo Grande;Taquarussu
258;Campo Grande;Campo Grande;Campo Grande;Tayama Park
259;Campo Grande;Campo Grande;Campo Grande;Terras Alpha Campo Grande
260;Campo Grande;Campo Grande;Campo Grande;Tiradentes
261;Campo Grande;Campo Grande;Campo Grande;Trevisso
262;Campo Grande;Campo Grande;Campo Grande;Tv Morena
263;Campo Grande;Campo Grande;Campo Grande;Universitario
264;Campo Grande;Campo Grande;Campo Grande;Universitario Seccao D
265;Campo Grande;Campo Grande;Campo Grande;Varandas Do Campo
266;Campo Grande;Campo Grande;Campo Grande;Vila Aimore
267;Campo Grande;Campo Grande;Campo Grande;Vila Alba
268;Campo Grande;Campo Grande;Campo Grande;Vila Albuquerque
269;Campo Grande;Campo Grande;Campo Grande;Vila Almeida
270;Campo Grande;Campo Grande;Campo Grande;Vila Anahy
271;Campo Grande;Campo Grande;Campo Grande;Vila Antonio Vendas
272;Campo Grande;Campo Grande;Campo Grande;Vila Aurora
273;Campo Grande;Campo Grande;Campo Grande;Vila Bandeirante
274;Campo Grande;Campo Grande;Campo Grande;Vila Bandeirantes
275;Campo Grande;Campo Grande;Campo Grande;Vila Belo Horizonte
276;Campo Grande;Campo Grande;Campo Grande;Vila Carlota
277;Campo Grande;Campo Grande;Campo Grande;Vila Carvalho
278;Campo Grande;Campo Grande;Campo Grande;Vila Celia
279;Campo Grande;Campo Grande;Campo Grande;Vila Cidade
280;Campo Grande;Campo Grande;Campo Grande;Vila Cidade Morena
281;Campo Grande;Campo Grande;Campo Grande;Vila Danubio Azul
282;Campo Grande;Campo Grande;Campo Grande;Vila Do Polones
283;Campo Grande;Campo Grande;Campo Grande;Vila Duque De Caxias
284;Campo Grande;Campo Grande;Campo Grande;Vila Eliane
285;Campo Grande;Campo Grande;Campo Grande;Vila Entroncamento
286;Campo Grande;Campo Grande;Campo Grande;Vila Eva
287;Campo Grande;Campo Grande;Campo Grande;Vila Fernanda
288;Campo Grande;Campo Grande;Campo Grande;Vila Futurista
289;Campo Grande;Campo Grande;Campo Grande;Vila Giocondo Orsi
290;Campo Grande;Campo Grande;Campo Grande;Vila Gloria
291;Campo Grande;Campo Grande;Campo Grande;Vila Gomes
292;Campo Grande;Campo Grande;Campo Grande;Vila Guanandy
293;Campo Grande;Campo Grande;Campo Grande;Vila Ipiranga
294;Campo Grande;Campo Grande;Campo Grande;Vila Jardim Botafogo
295;Campo Grande;Campo Grande;Campo Grande;Vila Julieta
296;Campo Grande;Campo Grande;Campo Grande;Vila Jussara
297;Campo Grande;Campo Grande;Campo Grande;Vila Liberdade
298;Campo Grande;Campo Grande;Campo Grande;Vila Maciel
299;Campo Grande;Campo Grande;Campo Grande;Vila Manoel Secco Thome
300;Campo Grande;Campo Grande;Campo Grande;Vila Manoel Taveira
301;Campo Grande;Campo Grande;Campo Grande;Vila Marcos Roberto
302;Campo Grande;Campo Grande;Campo Grande;Vila Margarida
303;Campo Grande;Campo Grande;Campo Grande;Vila Marli
304;Campo Grande;Campo Grande;Campo Grande;Vila Miguel Couto
305;Campo Grande;Campo Grande;Campo Grande;Vila Moreninha I
306;Campo Grande;Campo Grande;Campo Grande;Vila Moreninha II
307;Campo Grande;Campo Grande;Campo Grande;Vila Moreninha III
308;Campo Grande;Campo Grande;Campo Grande;Vila Moreninha IV
309;Campo Grande;Campo Grande;Campo Grande;Vila Morumbi
310;Campo Grande;Campo Grande;Campo Grande;Vila Nascente
311;Campo Grande;Campo Grande;Campo Grande;Vila Nasser
312;Campo Grande;Campo Grande;Campo Grande;Vila Nathalia
313;Campo Grande;Campo Grande;Campo Grande;Vila Neusa
314;Campo Grande;Campo Grande;Campo Grande;Vila Nogueira
315;Campo Grande;Campo Grande;Campo Grande;Vila Nossa Senhora Das Gracas
316;Campo Grande;Campo Grande;Campo Grande;Vila Nova Campo Grande
317;Campo Grande;Campo Grande;Campo Grande;Vila Oeste
318;Campo Grande;Campo Grande;Campo Grande;Vila Olinda
319;Campo Grande;Campo Grande;Campo Grande;Vila Oriente
320;Campo Grande;Campo Grande;Campo Grande;Vila Palmira
321;Campo Grande;Campo Grande;Campo Grande;Vila Piratininga
322;Campo Grande;Campo Grande;Campo Grande;Vila Planalto
323;Campo Grande;Campo Grande;Campo Grande;Vila Popular
324;Campo Grande;Campo Grande;Campo Grande;Vila Progresso
325;Campo Grande;Campo Grande;Campo Grande;Vila Rica
326;Campo Grande;Campo Grande;Campo Grande;Vila Rosa Pires
327;Campo Grande;Campo Grande;Campo Grande;Vila Santa Dorotheia
328;Campo Grande;Campo Grande;Campo Grande;Vila Santa Luzia
329;Campo Grande;Campo Grande;Campo Grande;Vila Santo Amaro
330;Campo Grande;Campo Grande;Campo Grande;Vila Santo Eugenio
331;Campo Grande;Campo Grande;Campo Grande;Vila Sao Gabriel
332;Campo Grande;Campo Grande;Campo Grande;Vila Sao Jorge Da Lagoa
333;Campo Grande;Campo Grande;Campo Grande;Vila Serradinho
334;Campo Grande;Campo Grande;Campo Grande;Vila Silvia Regina
335;Campo Grande;Campo Grande;Campo Grande;Vila Sobrinho
336;Campo Grande;Campo Grande;Campo Grande;Vila Taquarussu
337;Campo Grande;Campo Grande;Campo Grande;Vila Taveiropolis
338;Campo Grande;Campo Grande;Campo Grande;Vila Vilas Boas
339;Campo Grande;Campo Grande;Campo Grande;Vilasboas
340;Campo Grande;Campo Grande;Campo Grande;Vivendas Do Bosque
341;Campo Grande;Campo Grande;Corguinho;Centro
342;Campo Grande;Campo Grande;Corguinho;Condominio Zigurats
343;Campo Grande;Campo Grande;Corguinho;Jose Martins Ferreira
344;Campo Grande;Campo Grande;Corguinho;Loteamento Recanto Dos Pintados
345;Campo Grande;Campo Grande;Corguinho;Recanto Dos Pintados
346;Campo Grande;Campo Grande;Dois Irmaos do Buriti;Area Rural De Dois Irmaos Do Buriti
347;Campo Grande;Campo Grande;Dois Irmaos do Buriti;Centro
348;Campo Grande;Campo Grande;Dois Irmaos do Buriti;Jardim Buriti
349;Campo Grande;Campo Grande;Jaraguari;Jatoba
350;Campo Grande;Campo Grande;Nova Alvorada do Sul;Agrovila Pana
351;Campo Grande;Campo Grande;Nova Alvorada do Sul;Centro
352;Campo Grande;Campo Grande;Nova Alvorada do Sul;Eldorado
353;Campo Grande;Campo Grande;Nova Alvorada do Sul;Jardim Eldorado
354;Campo Grande;Campo Grande;Nova Alvorada do Sul;Jardim Guanabara
355;Campo Grande;Campo Grande;Nova Alvorada do Sul;Jd.Eldorado
356;Campo Grande;Campo Grande;Nova Alvorada do Sul;Maria De Loudes
357;Campo Grande;Campo Grande;Nova Alvorada do Sul;Maria De Lourdes
358;Campo Grande;Campo Grande;Nova Alvorada do Sul;Maria De Lourdes Marscon Stradiotti
359;Campo Grande;Campo Grande;Nova Alvorada do Sul;Maria De Lurdes
360;Campo Grande;Campo Grande;Nova Alvorada do Sul;Nova Alvorada
361;Campo Grande;Campo Grande;Nova Alvorada do Sul;Pana
362;Campo Grande;Campo Grande;Nova Alvorada do Sul;Residencial Indaia II
363;Campo Grande;Campo Grande;Nova Alvorada do Sul;Segredo
364;Campo Grande;Campo Grande;Nova Alvorada do Sul;Vacilio Dias
365;Campo Grande;Campo Grande;Nova Alvorada do Sul;Vila Bressan
366;Campo Grande;Campo Grande;Nova Alvorada do Sul;Wilson Cardoso
367;Campo Grande;Campo Grande;Nova Alvorada do Sul;Zona Rural
368;Campo Grande;Campo Grande;Ribas do Rio Pardo;Altos Do Estoril
369;Campo Grande;Campo Grande;Ribas do Rio Pardo;Area Rural De Ribas Do Rio Pardo
370;Campo Grande;Campo Grande;Ribas do Rio Pardo;Boa Vista
371;Campo Grande;Campo Grande;Ribas do Rio Pardo;Centro
372;Campo Grande;Campo Grande;Ribas do Rio Pardo;Conjunto Habitacional Rio Pardo
373;Campo Grande;Campo Grande;Ribas do Rio Pardo;Conjunto Habitacional Sao Joao
374;Campo Grande;Campo Grande;Ribas do Rio Pardo;Jabour
375;Campo Grande;Campo Grande;Ribas do Rio Pardo;Jardim Do Trabalhador I
376;Campo Grande;Campo Grande;Ribas do Rio Pardo;Jardim Dos Estados
377;Campo Grande;Campo Grande;Ribas do Rio Pardo;Jardim Nova Esperanca
378;Campo Grande;Campo Grande;Ribas do Rio Pardo;Jardim Vista Alegre
379;Campo Grande;Campo Grande;Ribas do Rio Pardo;Nossa Senhora Da Aparecida
380;Campo Grande;Campo Grande;Ribas do Rio Pardo;Nossa Senhora Da Conceicao II
381;Campo Grande;Campo Grande;Ribas do Rio Pardo;Parque Estoril
382;Campo Grande;Campo Grande;Ribas do Rio Pardo;Parque Estoril I
383;Campo Grande;Campo Grande;Ribas do Rio Pardo;Parque Estoril IV
384;Campo Grande;Campo Grande;Ribas do Rio Pardo;Parque Planalto
385;Campo Grande;Campo Grande;Ribas do Rio Pardo;Polo Industrial
386;Campo Grande;Campo Grande;Ribas do Rio Pardo;Residencial Santo Antonio
387;Campo Grande;Campo Grande;Ribas do Rio Pardo;Santo Andre
388;Campo Grande;Campo Grande;Ribas do Rio Pardo;Santo Dumont
389;Campo Grande;Campo Grande;Ribas do Rio Pardo;Sao Francisco
390;Campo Grande;Campo Grande;Ribas do Rio Pardo;Sao Joaquim
391;Campo Grande;Campo Grande;Ribas do Rio Pardo;Sao Sebastiao
392;Campo Grande;Campo Grande;Ribas do Rio Pardo;Zona Rural
393;Campo Grande;Campo Grande;Rio Negro;Centro
394;Campo Grande;Campo Grande;Rio Negro;Cohab II
395;Campo Grande;Campo Grande;Rochedo;Centro
396;Campo Grande;Campo Grande;Rochedo;Leomar Roberto Theodoro
397;Campo Grande;Campo Grande;Rochedo;Leomar Teodoro
398;Campo Grande;Campo Grande;Rochedo;Parque Dos Diamantes
399;Campo Grande;Campo Grande;Rochedo;Vale Do Aquidauana
400;Campo Grande;Campo Grande;Sao Gabriel do Oeste;Amabile Maffissoni
401;Campo Grande;Campo Grande;Sao Gabriel do Oeste;Capao Redondo II
402;Campo Grande;Campo Grande;Sao Gabriel do Oeste;Centro
403;Campo Grande;Campo Grande;Sao Gabriel do Oeste;Cidade Jardim
404;Campo Grande;Campo Grande;Sao Gabriel do Oeste;Cidades
405;Campo Grande;Campo Grande;Sao Gabriel do Oeste;Fenix
406;Campo Grande;Campo Grande;Sao Gabriel do Oeste;Jardim Gramado
407;Campo Grande;Campo Grande;Sao Gabriel do Oeste;Jardim Primavera
408;Campo Grande;Campo Grande;Sao Gabriel do Oeste;Lot Rui Neves Ribas I
409;Campo Grande;Campo Grande;Sao Gabriel do Oeste;Milani
410;Campo Grande;Campo Grande;Sao Gabriel do Oeste;Ponte Vermelha
411;Campo Grande;Campo Grande;Sao Gabriel do Oeste;Primo Maffissoni
412;Campo Grande;Campo Grande;Sao Gabriel do Oeste;Sao Cristovao
413;Campo Grande;Campo Grande;Sao Gabriel do Oeste;Zona Rural
414;Campo Grande;Campo Grande;Sidrolandia;Aldeia Terere
415;Campo Grande;Campo Grande;Sidrolandia;Alto Da Figueira
416;Campo Grande;Campo Grande;Sidrolandia;Assentamento
417;Campo Grande;Campo Grande;Sidrolandia;Assentamento Geraldo Garcia
418;Campo Grande;Campo Grande;Sidrolandia;Campina Ipacaray
419;Campo Grande;Campo Grande;Sidrolandia;Cascatinha
420;Campo Grande;Campo Grande;Sidrolandia;Cascatinha 1
421;Campo Grande;Campo Grande;Sidrolandia;Cascatinha II
422;Campo Grande;Campo Grande;Sidrolandia;Centro
423;Campo Grande;Campo Grande;Sidrolandia;Diva Nantes
424;Campo Grande;Campo Grande;Sidrolandia;Jandaia
425;Campo Grande;Campo Grande;Sidrolandia;Jardim Do Sul
426;Campo Grande;Campo Grande;Sidrolandia;Parque Das Orquideas
427;Campo Grande;Campo Grande;Sidrolandia;Pe De Cedro
428;Campo Grande;Campo Grande;Sidrolandia;Perola Do Planalto
429;Campo Grande;Campo Grande;Sidrolandia;Quebra Coco
430;Campo Grande;Campo Grande;Sidrolandia;Rua Centro
431;Campo Grande;Campo Grande;Sidrolandia;Sao Bento
432;Campo Grande;Campo Grande;Sidrolandia;Sidrolar 1
433;Campo Grande;Campo Grande;Sidrolandia;Sitiolandia
434;Campo Grande;Campo Grande;Sidrolandia;Vila Carinhosa
435;Campo Grande;Campo Grande;Sidrolandia;Zona  Rural
436;Campo Grande;Campo Grande;Sidrolandia;Zona Rural
437;Campo Grande;Campo Grande;Terenos;Area Rural De Terenos
438;Campo Grande;Campo Grande;Terenos;Centro
439;Campo Grande;Campo Grande;Terenos;Conjunto Habitacional Terenos
440;Campo Grande;Campo Grande;Terenos;Jardim America
441;Campo Grande;Campo Grande;Terenos;Jardim Bodoquena II
442;Campo Grande;Campo Grande;Terenos;Jardim Do Cerrado I
443;Campo Grande;Campo Grande;Terenos;Residencial Heitor Rodrigues
444;Campo Grande;Campo Grande;Terenos;Vila Camilo Boni
445;Campo Grande;Campo Grande;Terenos;Vila Demetria Veiga
446;Campo Grande;Campo Grande;Terenos;Vila Entroncamento
447;Campo Grande;Campo Grande;Terenos;Vila Ferreira
448;Campo Grande;Coxim;Alcinopolis;Centro
449;Campo Grande;Coxim;Alcinopolis;Polo Industrial
450;Campo Grande;Coxim;Alcinopolis;Vila Manoel Domingos De Souza
451;Campo Grande;Coxim;Alcinopolis;Zona Rural
452;Campo Grande;Coxim;Costa Rica;Cachoeira
453;Campo Grande;Coxim;Costa Rica;Centro
454;Campo Grande;Coxim;Costa Rica;Distrito De Lajes
455;Campo Grande;Coxim;Costa Rica;Flamboyant
456;Campo Grande;Coxim;Costa Rica;Flor Do Campo
457;Campo Grande;Coxim;Costa Rica;Flor Do Cerado
458;Campo Grande;Coxim;Costa Rica;Flor Do Cerrado
459;Campo Grande;Coxim;Costa Rica;Jardim Bueno Aires
460;Campo Grande;Coxim;Costa Rica;Jardim Eldorado
461;Campo Grande;Coxim;Costa Rica;Jardim Eminassai
462;Campo Grande;Coxim;Costa Rica;Jardim Liberdade
463;Campo Grande;Coxim;Costa Rica;Jardim Morada Do Sol
464;Campo Grande;Coxim;Costa Rica;Jardim Planalto
465;Campo Grande;Coxim;Costa Rica;Jardim Sao Domingos
466;Campo Grande;Coxim;Costa Rica;Jatobas
467;Campo Grande;Coxim;Costa Rica;Jd Imbirussu
468;Campo Grande;Coxim;Costa Rica;Lote Flor Do Campo
469;Campo Grande;Coxim;Costa Rica;Novo Horizonte
470;Campo Grande;Coxim;Costa Rica;Parque Industrial
471;Campo Grande;Coxim;Costa Rica;Recanto Do Sol
472;Campo Grande;Coxim;Costa Rica;Resid. Figueira
473;Campo Grande;Coxim;Costa Rica;Residencial Barbosa
474;Campo Grande;Coxim;Costa Rica;Residencial Cachoeira
475;Campo Grande;Coxim;Costa Rica;Santana
476;Campo Grande;Coxim;Costa Rica;Sonho Meu 3
477;Campo Grande;Coxim;Costa Rica;Sonho Meu 4
478;Campo Grande;Coxim;Costa Rica;Sonho Meu 5
479;Campo Grande;Coxim;Costa Rica;Sonho Meu 6
480;Campo Grande;Coxim;Costa Rica;Sonho Meu III
481;Campo Grande;Coxim;Costa Rica;Vale Do Amanhecer
482;Campo Grande;Coxim;Costa Rica;Vila Alvorada
483;Campo Grande;Coxim;Costa Rica;Vila Nunes
484;Campo Grande;Coxim;Costa Rica;Vila Santana
485;Campo Grande;Coxim;Costa Rica;Zona Rural
486;Campo Grande;Coxim;Coxim;Agua Clara
487;Campo Grande;Coxim;Coxim;Alto Sao Pedro
488;Campo Grande;Coxim;Coxim;Altos Sao Pedro
489;Campo Grande;Coxim;Coxim;Bnh
490;Campo Grande;Coxim;Coxim;Centro
491;Campo Grande;Coxim;Coxim;Flavio Garcia
492;Campo Grande;Coxim;Coxim;Jardim Sao Paulo
493;Campo Grande;Coxim;Coxim;Jardim Vista Alegre
494;Campo Grande;Coxim;Coxim;Jorge Ritt
495;Campo Grande;Coxim;Coxim;Morada Alto Sao Pedro
496;Campo Grande;Coxim;Coxim;Morada Altos De Sao Pedro
497;Campo Grande;Coxim;Coxim;Morada Altos Sao Pedro
498;Campo Grande;Coxim;Coxim;Nossa Senhora Aparecida
499;Campo Grande;Coxim;Coxim;Pequi
500;Campo Grande;Coxim;Coxim;Piracema
501;Campo Grande;Coxim;Coxim;Portal Do Pantanal
502;Campo Grande;Coxim;Coxim;Residencial Pe De Cedro
503;Campo Grande;Coxim;Coxim;Senhor Divino
504;Campo Grande;Coxim;Coxim;Silviolandia
505;Campo Grande;Coxim;Coxim;Silvolandia
506;Campo Grande;Coxim;Coxim;Vila Bela
507;Campo Grande;Coxim;Coxim;Vila Planalto
508;Campo Grande;Coxim;Coxim;Vila Santa Clara
509;Campo Grande;Coxim;Coxim;Vila Santa Maria
510;Campo Grande;Coxim;Coxim;Vila Sao Paulo
511;Campo Grande;Coxim;Coxim;Zona Suburbana
512;Campo Grande;Coxim;Figueirao;Boa Vida
513;Campo Grande;Coxim;Figueirao;Figueirao Velho
514;Campo Grande;Coxim;Figueirao;Jardim Aeroporto
515;Campo Grande;Coxim;Figueirao;Nova Conquista
516;Campo Grande;Coxim;Figueirao;Vila Maria
517;Campo Grande;Coxim;Pedro Gomes;Centro
518;Campo Grande;Coxim;Pedro Gomes;Marcelino Jose Bernardo
519;Campo Grande;Coxim;Rio Verde de Mato Grosso;Ariovaldo Pereira
520;Campo Grande;Coxim;Rio Verde de Mato Grosso;Barra Verde
521;Campo Grande;Coxim;Rio Verde de Mato Grosso;Bella Suica
522;Campo Grande;Coxim;Rio Verde de Mato Grosso;Campo Alegre
523;Campo Grande;Coxim;Rio Verde de Mato Grosso;Centro
524;Campo Grande;Coxim;Rio Verde de Mato Grosso;Coronel Manoel Mariano
525;Campo Grande;Coxim;Rio Verde de Mato Grosso;Jardim Bella Suica
526;Campo Grande;Coxim;Rio Verde de Mato Grosso;Jardim Dos Estados
527;Campo Grande;Coxim;Rio Verde de Mato Grosso;Jardim Jose Antonio
528;Campo Grande;Coxim;Rio Verde de Mato Grosso;Jardim Planalto
529;Campo Grande;Coxim;Rio Verde de Mato Grosso;Nova Esperanca
530;Campo Grande;Coxim;Rio Verde de Mato Grosso;Nova Rio Verde
531;Campo Grande;Coxim;Rio Verde de Mato Grosso;Santa Rosa
532;Campo Grande;Coxim;Rio Verde de Mato Grosso;Santa Terezinha
533;Campo Grande;Coxim;Rio Verde de Mato Grosso;Vila Nilva De Farias
534;Campo Grande;Coxim;Rio Verde de Mato Grosso;Vila Sao Jose
535;Campo Grande;Coxim;Sonora;Belo Horizonte
536;Campo Grande;Coxim;Sonora;Centro
537;Campo Grande;Coxim;Sonora;Jardim Dos Estados
538;Campo Grande;Coxim;Sonora;Novo Tempo
539;Campo Grande;Coxim;Sonora;Plan Do Correntes
540;Campo Grande;Coxim;Sonora;Sol Nascente
541;Campo Grande;Coxim;Sonora;Terceiro Milenio
542;Campo Grande;Coxim;Sonora;Vale Corrente
543;Campo Grande;Coxim;Sonora;Vista Do Lago
544;Campo Grande;Coxim;Sonora;Vista Do Lago 2
545;Campo Grande;Paranaiba-Chapadao do Sul-Cassilandia;Aparecida do Taboado;Centro
546;Campo Grande;Paranaiba-Chapadao do Sul-Cassilandia;Aparecida do Taboado;Chacara Boa Vista
547;Campo Grande;Paranaiba-Chapadao do Sul-Cassilandia;Aparecida do Taboado;Cidada Nova
548;Campo Grande;Paranaiba-Chapadao do Sul-Cassilandia;Aparecida do Taboado;Jardim Aeroporto
549;Campo Grande;Paranaiba-Chapadao do Sul-Cassilandia;Aparecida do Taboado;Jardim Brandini
550;Campo Grande;Paranaiba-Chapadao do Sul-Cassilandia;Aparecida do Taboado;Jardim Do Lago
551;Campo Grande;Paranaiba-Chapadao do Sul-Cassilandia;Aparecida do Taboado;Jardim Morumbi
552;Campo Grande;Paranaiba-Chapadao do Sul-Cassilandia;Aparecida do Taboado;Jardim Samara
553;Campo Grande;Paranaiba-Chapadao do Sul-Cassilandia;Aparecida do Taboado;Residencial Cidade Nova
554;Campo Grande;Paranaiba-Chapadao do Sul-Cassilandia;Aparecida do Taboado;Residencial Sao Gabriel
555;Campo Grande;Paranaiba-Chapadao do Sul-Cassilandia;Aparecida do Taboado;Residencial Tia Chica II
556;Campo Grande;Paranaiba-Chapadao do Sul-Cassilandia;Aparecida do Taboado;Sao Vicente
557;Campo Grande;Paranaiba-Chapadao do Sul-Cassilandia;Aparecida do Taboado;Vila Barbosa
558;Campo Grande;Paranaiba-Chapadao do Sul-Cassilandia;Aparecida do Taboado;Vila Dourado
559;Campo Grande;Paranaiba-Chapadao do Sul-Cassilandia;Aparecida do Taboado;Vila Pereira
560;Campo Grande;Paranaiba-Chapadao do Sul-Cassilandia;Aparecida do Taboado;Vila Sao Jose
561;Campo Grande;Paranaiba-Chapadao do Sul-Cassilandia;Aparecida do Taboado;Vila Sao Luiz
562;Campo Grande;Paranaiba-Chapadao do Sul-Cassilandia;Aparecida do Taboado;Vilas Boas
563;Campo Grande;Paranaiba-Chapadao do Sul-Cassilandia;Cassilandia;Alto Izanopolis
564;Campo Grande;Paranaiba-Chapadao do Sul-Cassilandia;Cassilandia;Bairro Imperatriz
565;Campo Grande;Paranaiba-Chapadao do Sul-Cassilandia;Cassilandia;Bom Jesus
566;Campo Grande;Paranaiba-Chapadao do Sul-Cassilandia;Cassilandia;Bom Jesus Da Lapa
567;Campo Grande;Paranaiba-Chapadao do Sul-Cassilandia;Cassilandia;Centro
568;Campo Grande;Paranaiba-Chapadao do Sul-Cassilandia;Cassilandia;Jardim Campo Grande
569;Campo Grande;Paranaiba-Chapadao do Sul-Cassilandia;Cassilandia;Jardim Minas Gerais
570;Campo Grande;Paranaiba-Chapadao do Sul-Cassilandia;Cassilandia;Laranjeiras
571;Campo Grande;Paranaiba-Chapadao do Sul-Cassilandia;Cassilandia;Vila Izanopolis
572;Campo Grande;Paranaiba-Chapadao do Sul-Cassilandia;Cassilandia;Vila Pernambuco
573;Campo Grande;Paranaiba-Chapadao do Sul-Cassilandia;Chapadao do Sul;Area Rural
574;Campo Grande;Paranaiba-Chapadao do Sul-Cassilandia;Chapadao do Sul;Centro
575;Campo Grande;Paranaiba-Chapadao do Sul-Cassilandia;Chapadao do Sul;Chapadao Do Sul
576;Campo Grande;Paranaiba-Chapadao do Sul-Cassilandia;Chapadao do Sul;Condominio Parque Dos Eucaliptos
577;Campo Grande;Paranaiba-Chapadao do Sul-Cassilandia;Chapadao do Sul;Das Palmeiras
578;Campo Grande;Paranaiba-Chapadao do Sul-Cassilandia;Chapadao do Sul;Espatodea
579;Campo Grande;Paranaiba-Chapadao do Sul-Cassilandia;Chapadao do Sul;Espatodia
580;Campo Grande;Paranaiba-Chapadao do Sul-Cassilandia;Chapadao do Sul;Esperanca
581;Campo Grande;Paranaiba-Chapadao do Sul-Cassilandia;Chapadao do Sul;Esplanada
582;Campo Grande;Paranaiba-Chapadao do Sul-Cassilandia;Chapadao do Sul;Esplanada 03
583;Campo Grande;Paranaiba-Chapadao do Sul-Cassilandia;Chapadao do Sul;Esplanada 3
584;Campo Grande;Paranaiba-Chapadao do Sul-Cassilandia;Chapadao do Sul;Esplanada 4
585;Campo Grande;Paranaiba-Chapadao do Sul-Cassilandia;Chapadao do Sul;Esplanada II
586;Campo Grande;Paranaiba-Chapadao do Sul-Cassilandia;Chapadao do Sul;Esplanada III
587;Campo Grande;Paranaiba-Chapadao do Sul-Cassilandia;Chapadao do Sul;Esplanada IV
588;Campo Grande;Paranaiba-Chapadao do Sul-Cassilandia;Chapadao do Sul;Esplanada V
589;Campo Grande;Paranaiba-Chapadao do Sul-Cassilandia;Chapadao do Sul;Flamboyant
590;Campo Grande;Paranaiba-Chapadao do Sul-Cassilandia;Chapadao do Sul;Greenville
591;Campo Grande;Paranaiba-Chapadao do Sul-Cassilandia;Chapadao do Sul;Palmeira
592;Campo Grande;Paranaiba-Chapadao do Sul-Cassilandia;Chapadao do Sul;Palmeiras
593;Campo Grande;Paranaiba-Chapadao do Sul-Cassilandia;Chapadao do Sul;Parque Uniao
594;Campo Grande;Paranaiba-Chapadao do Sul-Cassilandia;Chapadao do Sul;Perimetro Urbano
595;Campo Grande;Paranaiba-Chapadao do Sul-Cassilandia;Chapadao do Sul;Planalto
596;Campo Grande;Paranaiba-Chapadao do Sul-Cassilandia;Chapadao do Sul;Polo Empresarial
597;Campo Grande;Paranaiba-Chapadao do Sul-Cassilandia;Chapadao do Sul;Reserva Das Nacoes
598;Campo Grande;Paranaiba-Chapadao do Sul-Cassilandia;Chapadao do Sul;Rodovia
599;Campo Grande;Paranaiba-Chapadao do Sul-Cassilandia;Chapadao do Sul;Royal Park
600;Campo Grande;Paranaiba-Chapadao do Sul-Cassilandia;Chapadao do Sul;Sibipiruna
601;Campo Grande;Paranaiba-Chapadao do Sul-Cassilandia;Chapadao do Sul;Sucupira
602;Campo Grande;Paranaiba-Chapadao do Sul-Cassilandia;Inocencia;Centro
603;Campo Grande;Paranaiba-Chapadao do Sul-Cassilandia;Inocencia;Centro (Sao Pedro)
604;Campo Grande;Paranaiba-Chapadao do Sul-Cassilandia;Inocencia;Jardim Alvorada
605;Campo Grande;Paranaiba-Chapadao do Sul-Cassilandia;Inocencia;Jardim Boa Esperanca
606;Campo Grande;Paranaiba-Chapadao do Sul-Cassilandia;Inocencia;Jardim Bocaina
607;Campo Grande;Paranaiba-Chapadao do Sul-Cassilandia;Inocencia;Jardim Bom Jesus
608;Campo Grande;Paranaiba-Chapadao do Sul-Cassilandia;Inocencia;Jardim Pantanal
609;Campo Grande;Paranaiba-Chapadao do Sul-Cassilandia;Inocencia;Sao Pedro
610;Campo Grande;Paranaiba-Chapadao do Sul-Cassilandia;Paraiso das aguas;Area Rural De Paraiso Das Aguas
611;Campo Grande;Paranaiba-Chapadao do Sul-Cassilandia;Paraiso das aguas;Distrito De Pouso Alto
612;Campo Grande;Paranaiba-Chapadao do Sul-Cassilandia;Paraiso das aguas;Patrimonio Do Paraiso
613;Campo Grande;Paranaiba-Chapadao do Sul-Cassilandia;Paraiso das aguas;Pouso Alto
614;Campo Grande;Paranaiba-Chapadao do Sul-Cassilandia;Paranaiba;Centro
615;Campo Grande;Paranaiba-Chapadao do Sul-Cassilandia;Paranaiba;Centro/Paranaiba
616;Campo Grande;Paranaiba-Chapadao do Sul-Cassilandia;Paranaiba;Daniel 05
617;Campo Grande;Paranaiba-Chapadao do Sul-Cassilandia;Paranaiba;Daniel Vi
618;Campo Grande;Paranaiba-Chapadao do Sul-Cassilandia;Paranaiba;De Lourdes
619;Campo Grande;Paranaiba-Chapadao do Sul-Cassilandia;Paranaiba;Industrial De Lourdes
620;Campo Grande;Paranaiba-Chapadao do Sul-Cassilandia;Paranaiba;Ipe Branco I
621;Campo Grande;Paranaiba-Chapadao do Sul-Cassilandia;Paranaiba;Jardim America
622;Campo Grande;Paranaiba-Chapadao do Sul-Cassilandia;Paranaiba;Jardim Daniel II
623;Campo Grande;Paranaiba-Chapadao do Sul-Cassilandia;Paranaiba;Jardim Ipiranga
624;Campo Grande;Paranaiba-Chapadao do Sul-Cassilandia;Paranaiba;Jardim Redentora
625;Campo Grande;Paranaiba-Chapadao do Sul-Cassilandia;Paranaiba;Jardim Redentora Dos Buritis
626;Campo Grande;Paranaiba-Chapadao do Sul-Cassilandia;Paranaiba;Jd America 2
627;Campo Grande;Paranaiba-Chapadao do Sul-Cassilandia;Paranaiba;Jd Redentora
628;Campo Grande;Paranaiba-Chapadao do Sul-Cassilandia;Paranaiba;Loteamento Santa Maria
629;Campo Grande;Paranaiba-Chapadao do Sul-Cassilandia;Paranaiba;Salome
630;Campo Grande;Paranaiba-Chapadao do Sul-Cassilandia;Paranaiba;Santa Lucia
631;Campo Grande;Paranaiba-Chapadao do Sul-Cassilandia;Paranaiba;Santa Maria
632;Campo Grande;Paranaiba-Chapadao do Sul-Cassilandia;Paranaiba;Santa Monica
633;Campo Grande;Paranaiba-Chapadao do Sul-Cassilandia;Paranaiba;Santo Antonio
634;Campo Grande;Paranaiba-Chapadao do Sul-Cassilandia;Paranaiba;Sao Joao Do Apore
635;Campo Grande;Paranaiba-Chapadao do Sul-Cassilandia;Paranaiba;Sao Jose
636;Campo Grande;Paranaiba-Chapadao do Sul-Cassilandia;Paranaiba;Sibipiruna
637;Campo Grande;Paranaiba-Chapadao do Sul-Cassilandia;Paranaiba;Universitario II
638;Campo Grande;Paranaiba-Chapadao do Sul-Cassilandia;Paranaiba;Vila Salome
639;Campo Grande;Paranaiba-Chapadao do Sul-Cassilandia;Paranaiba;Vila Santa Alice
640;Campo Grande;Paranaiba-Chapadao do Sul-Cassilandia;Paranaiba;Vila Santo Antonio
641;Campo Grande;Paranaiba-Chapadao do Sul-Cassilandia;Paranaiba;Zona Rural
642;Campo Grande;Paranaiba-Chapadao do Sul-Cassilandia;Paranaiba;Zona Suburbana
643;Campo Grande;Tres Lagoas;Agua Clara;Area Rural De Agua Clara
644;Campo Grande;Tres Lagoas;Agua Clara;Jardim 14 Bis
645;Campo Grande;Tres Lagoas;Agua Clara;Jardim Alvorada II
646;Campo Grande;Tres Lagoas;Agua Clara;Jardim Das Palmeiras
647;Campo Grande;Tres Lagoas;Agua Clara;Jardim Nova Agua Clara
648;Campo Grande;Tres Lagoas;Agua Clara;Jardim Novo Horizonte
649;Campo Grande;Tres Lagoas;Agua Clara;Jardim Paulista
650;Campo Grande;Tres Lagoas;Agua Clara;Jardim Primavera
651;Campo Grande;Tres Lagoas;Bataguassu;America 3
652;Campo Grande;Tres Lagoas;Bataguassu;Bairro Jardim America 1
653;Campo Grande;Tres Lagoas;Bataguassu;Centro
654;Campo Grande;Tres Lagoas;Bataguassu;Distrito Industrial
655;Campo Grande;Tres Lagoas;Bataguassu;Jardim Acapulco
656;Campo Grande;Tres Lagoas;Bataguassu;Jardim America I
657;Campo Grande;Tres Lagoas;Bataguassu;Jardim America II
658;Campo Grande;Tres Lagoas;Bataguassu;Jardim America III
659;Campo Grande;Tres Lagoas;Bataguassu;Jardim Campo Grande
660;Campo Grande;Tres Lagoas;Bataguassu;Jardim Real
661;Campo Grande;Tres Lagoas;Bataguassu;Jardim Santa Rosa
662;Campo Grande;Tres Lagoas;Bataguassu;Jardim Sao Francisco
663;Campo Grande;Tres Lagoas;Bataguassu;Jardim Sao Joao
664;Campo Grande;Tres Lagoas;Bataguassu;Jd Santa Maria
665;Campo Grande;Tres Lagoas;Bataguassu;Jd. Santa Maria
666;Campo Grande;Tres Lagoas;Bataguassu;Jd. Sao Joao
667;Campo Grande;Tres Lagoas;Bataguassu;Modelo 1
668;Campo Grande;Tres Lagoas;Bataguassu;Modelo 2
669;Campo Grande;Tres Lagoas;Bataguassu;Novo Horizonte
670;Campo Grande;Tres Lagoas;Bataguassu;Nucleo Empresarial
671;Campo Grande;Tres Lagoas;Bataguassu;Porto Xv De Novembro
672;Campo Grande;Tres Lagoas;Bataguassu;Residencial Modelo
673;Campo Grande;Tres Lagoas;Bataguassu;Residencial Modelo I
674;Campo Grande;Tres Lagoas;Bataguassu;Residencial Modelo III
675;Campo Grande;Tres Lagoas;Bataguassu;Residencial Novo Horizonte
676;Campo Grande;Tres Lagoas;Bataguassu;Santa Maria
677;Campo Grande;Tres Lagoas;Bataguassu;Sao Francisco
678;Campo Grande;Tres Lagoas;Bataguassu;Zona Rural
679;Campo Grande;Tres Lagoas;Brasilandia;Beleza Do Rio Verde
680;Campo Grande;Tres Lagoas;Brasilandia;Cedro
681;Campo Grande;Tres Lagoas;Brasilandia;Centro
682;Campo Grande;Tres Lagoas;Brasilandia;Flavio Derzi
683;Campo Grande;Tres Lagoas;Brasilandia;Jardim Imperial
684;Campo Grande;Tres Lagoas;Brasilandia;Jardim Oiti
685;Campo Grande;Tres Lagoas;Brasilandia;Joao De Abreu
686;Campo Grande;Tres Lagoas;Brasilandia;Joao Paulo Da Silva
687;Campo Grande;Tres Lagoas;Brasilandia;Jose Rodrigues
688;Campo Grande;Tres Lagoas;Brasilandia;Mao Amiga
689;Campo Grande;Tres Lagoas;Brasilandia;Onofre De Souza Oliveira
690;Campo Grande;Tres Lagoas;Brasilandia;Porto Joao Andre
691;Campo Grande;Tres Lagoas;Brasilandia;Sao Domingos
692;Campo Grande;Tres Lagoas;Brasilandia;Zona Rural
693;Campo Grande;Tres Lagoas;Santa Rita do Pardo;Centro
694;Campo Grande;Tres Lagoas;Santa Rita do Pardo;Nova Esperanca
695;Campo Grande;Tres Lagoas;Santa Rita do Pardo;Zona Rural
696;Campo Grande;Tres Lagoas;Selviria;Centro
697;Campo Grande;Tres Lagoas;Selviria;Guadalupe Do Alto Parana
698;Campo Grande;Tres Lagoas;Selviria;Guadalupe Do Alto Parana(Vestia)
699;Campo Grande;Tres Lagoas;Selviria;Vestia
700;Campo Grande;Tres Lagoas;Tres Lagoas;Alto Da Boa Vista
701;Campo Grande;Tres Lagoas;Tres Lagoas;Area Rural De Tres Lagoas
702;Campo Grande;Tres Lagoas;Tres Lagoas;Bela Vista Da Lagoa
703;Campo Grande;Tres Lagoas;Tres Lagoas;Bosque Das Araras
704;Campo Grande;Tres Lagoas;Tres Lagoas;Carioca
705;Campo Grande;Tres Lagoas;Tres Lagoas;Centro
706;Campo Grande;Tres Lagoas;Tres Lagoas;Chacara Imperial
707;Campo Grande;Tres Lagoas;Tres Lagoas;Conjunto Habitacional Imperial
708;Campo Grande;Tres Lagoas;Tres Lagoas;Distrito Industrial II
709;Campo Grande;Tres Lagoas;Tres Lagoas;Garcias
710;Campo Grande;Tres Lagoas;Tres Lagoas;Interlagos
711;Campo Grande;Tres Lagoas;Tres Lagoas;Jardim  Dos Ipes
712;Campo Grande;Tres Lagoas;Tres Lagoas;Jardim Aeroporto
713;Campo Grande;Tres Lagoas;Tres Lagoas;Jardim Alvorada
714;Campo Grande;Tres Lagoas;Tres Lagoas;Jardim Angelica
715;Campo Grande;Tres Lagoas;Tres Lagoas;Jardim Brasilia
716;Campo Grande;Tres Lagoas;Tres Lagoas;Jardim Cangalha
717;Campo Grande;Tres Lagoas;Tres Lagoas;Jardim Caranda
718;Campo Grande;Tres Lagoas;Tres Lagoas;Jardim Das Americas
719;Campo Grande;Tres Lagoas;Tres Lagoas;Jardim Das Oliveiras
720;Campo Grande;Tres Lagoas;Tres Lagoas;Jardim Das Paineiras
721;Campo Grande;Tres Lagoas;Tres Lagoas;Jardim Das Violetas
722;Campo Grande;Tres Lagoas;Tres Lagoas;Jardim Dos Ipes
723;Campo Grande;Tres Lagoas;Tres Lagoas;Jardim Dourados
724;Campo Grande;Tres Lagoas;Tres Lagoas;Jardim Flamboyant
725;Campo Grande;Tres Lagoas;Tres Lagoas;Jardim Maristela
726;Campo Grande;Tres Lagoas;Tres Lagoas;Jardim Nova Ipanema
727;Campo Grande;Tres Lagoas;Tres Lagoas;Jardim Novo Aeroporto
728;Campo Grande;Tres Lagoas;Tres Lagoas;Jardim Oiti
729;Campo Grande;Tres Lagoas;Tres Lagoas;Jardim Paranapunga
730;Campo Grande;Tres Lagoas;Tres Lagoas;Jardim Planalto
731;Campo Grande;Tres Lagoas;Tres Lagoas;Jardim Primavera
732;Campo Grande;Tres Lagoas;Tres Lagoas;Jardim Primaveril
733;Campo Grande;Tres Lagoas;Tres Lagoas;Jardim Progresso
734;Campo Grande;Tres Lagoas;Tres Lagoas;Jardim Rodrigues
735;Campo Grande;Tres Lagoas;Tres Lagoas;Lapa
736;Campo Grande;Tres Lagoas;Tres Lagoas;Nossa Senhora Aparecida
737;Campo Grande;Tres Lagoas;Tres Lagoas;Nossa Senhora Das Gracas
738;Campo Grande;Tres Lagoas;Tres Lagoas;Nova Europa
739;Campo Grande;Tres Lagoas;Tres Lagoas;Nova Tres Lagoas
740;Campo Grande;Tres Lagoas;Tres Lagoas;Nova Tres Lagoas II
741;Campo Grande;Tres Lagoas;Tres Lagoas;Novo Oeste
742;Campo Grande;Tres Lagoas;Tres Lagoas;Novo Oeste II
743;Campo Grande;Tres Lagoas;Tres Lagoas;Nucleo Agro-Industrial Varginha
744;Campo Grande;Tres Lagoas;Tres Lagoas;Parque Das Mangueiras
745;Campo Grande;Tres Lagoas;Tres Lagoas;Parque Residencial Jamel Ville II
746;Campo Grande;Tres Lagoas;Tres Lagoas;Parque Residencial Orestes Prata Tibery Junior
747;Campo Grande;Tres Lagoas;Tres Lagoas;Parque Residencial Quinta Da Lagoa
748;Campo Grande;Tres Lagoas;Tres Lagoas;Parque Sao Carlos
749;Campo Grande;Tres Lagoas;Tres Lagoas;Portal Das Aguas
750;Campo Grande;Tres Lagoas;Tres Lagoas;Portal Das Araras
751;Campo Grande;Tres Lagoas;Tres Lagoas;Residencial Costa Leste
752;Campo Grande;Tres Lagoas;Tres Lagoas;Residencial Montanini
753;Campo Grande;Tres Lagoas;Tres Lagoas;Santa Luzia
754;Campo Grande;Tres Lagoas;Tres Lagoas;Santa Rita
755;Campo Grande;Tres Lagoas;Tres Lagoas;Santo Andre
756;Campo Grande;Tres Lagoas;Tres Lagoas;Santos Dumont
757;Campo Grande;Tres Lagoas;Tres Lagoas;Santos Dumont II
758;Campo Grande;Tres Lagoas;Tres Lagoas;Sao Jorge
759;Campo Grande;Tres Lagoas;Tres Lagoas;Setsul
760;Campo Grande;Tres Lagoas;Tres Lagoas;Vila Dos Ferroviarios
761;Campo Grande;Tres Lagoas;Tres Lagoas;Vila Guanabara
762;Campo Grande;Tres Lagoas;Tres Lagoas;Vila Maria
763;Campo Grande;Tres Lagoas;Tres Lagoas;Vila Piloto
764;Campo Grande;Tres Lagoas;Tres Lagoas;Vila Sao Joao
765;Campo Grande;Tres Lagoas;Tres Lagoas;Zona Rural
766;Corumba;Aquidauana-Anastacio;Anastacio;Afonso Pain
767;Corumba;Aquidauana-Anastacio;Anastacio;Alto Da Cidade
768;Corumba;Aquidauana-Anastacio;Anastacio;Altos Da Cidade
769;Corumba;Aquidauana-Anastacio;Anastacio;Bem Te Vi
770;Corumba;Aquidauana-Anastacio;Anastacio;Centro
771;Corumba;Aquidauana-Anastacio;Anastacio;Cohab
772;Corumba;Aquidauana-Anastacio;Anastacio;Conjunto Vander Camp
773;Corumba;Aquidauana-Anastacio;Anastacio;Cristo Rei
774;Corumba;Aquidauana-Anastacio;Anastacio;Jardim Campanario
775;Corumba;Aquidauana-Anastacio;Anastacio;Jardim Progresso
776;Corumba;Aquidauana-Anastacio;Anastacio;Jardin Progresso
777;Corumba;Aquidauana-Anastacio;Anastacio;Santa Maria
778;Corumba;Aquidauana-Anastacio;Anastacio;Vila Municipal
779;Corumba;Aquidauana-Anastacio;Anastacio;Vila Pedreira
780;Corumba;Aquidauana-Anastacio;Anastacio;Vila Umbelina
781;Corumba;Aquidauana-Anastacio;Aquidauana;Aldeia
782;Corumba;Aquidauana-Anastacio;Aquidauana;Aldeia Bananal
783;Corumba;Aquidauana-Anastacio;Aquidauana;Alto
784;Corumba;Aquidauana-Anastacio;Aquidauana;Bairro Alto
785;Corumba;Aquidauana-Anastacio;Aquidauana;Bairro Cidade Nova
786;Corumba;Aquidauana-Anastacio;Aquidauana;Camisao
787;Corumba;Aquidauana-Anastacio;Aquidauana;Centro
788;Corumba;Aquidauana-Anastacio;Aquidauana;Cidade Nova
789;Corumba;Aquidauana-Anastacio;Aquidauana;Distrito De Camisao
790;Corumba;Aquidauana-Anastacio;Aquidauana;Guanandy
791;Corumba;Aquidauana-Anastacio;Aquidauana;Limao Verde
792;Corumba;Aquidauana-Anastacio;Aquidauana;Nova Aquidauana
793;Corumba;Aquidauana-Anastacio;Aquidauana;Piraputanga
794;Corumba;Aquidauana-Anastacio;Aquidauana;Santa Teresinha
795;Corumba;Aquidauana-Anastacio;Aquidauana;Santa Terezinha
796;Corumba;Aquidauana-Anastacio;Aquidauana;Sao Francisco
797;Corumba;Aquidauana-Anastacio;Aquidauana;Sao Pedro
798;Corumba;Aquidauana-Anastacio;Aquidauana;Serraria
799;Corumba;Aquidauana-Anastacio;Aquidauana;Taunay
800;Corumba;Aquidauana-Anastacio;Aquidauana;Trindade
801;Corumba;Aquidauana-Anastacio;Aquidauana;Vila Bancaria
802;Corumba;Aquidauana-Anastacio;Aquidauana;Vila Cidade Nova
803;Corumba;Aquidauana-Anastacio;Aquidauana;Vila Paraiso
804;Corumba;Aquidauana-Anastacio;Aquidauana;Vila Santa Terezinha
805;Corumba;Aquidauana-Anastacio;Bodoquena;Centro
806;Corumba;Aquidauana-Anastacio;Bodoquena;Morraria Do Sul
807;Corumba;Aquidauana-Anastacio;Bodoquena;Santo Afonso
808;Corumba;Aquidauana-Anastacio;Bodoquena;Sol Nascente
809;Corumba;Aquidauana-Anastacio;Bodoquena;Vila Aeroporto
810;Corumba;Aquidauana-Anastacio;Bodoquena;Vila Moreira
811;Corumba;Aquidauana-Anastacio;Miranda;Aldeia Lalima
812;Corumba;Aquidauana-Anastacio;Miranda;Aldeira Moreira
813;Corumba;Aquidauana-Anastacio;Miranda;Ayrton De Albuquerque
814;Corumba;Aquidauana-Anastacio;Miranda;Baiazinha
815;Corumba;Aquidauana-Anastacio;Miranda;Centro
816;Corumba;Aquidauana-Anastacio;Miranda;Cohab
817;Corumba;Aquidauana-Anastacio;Miranda;Maria Do Rosario
818;Corumba;Aquidauana-Anastacio;Miranda;Mondego
819;Corumba;Aquidauana-Anastacio;Miranda;Nossa Senhora Aparecida
820;Corumba;Aquidauana-Anastacio;Miranda;Santa Cruz
821;Corumba;Corumba;Corumba;Aeroporto
822;Corumba;Corumba;Corumba;Area Rural De Corumba
823;Corumba;Corumba;Corumba;Centro
824;Corumba;Corumba;Corumba;Centro America
825;Corumba;Corumba;Corumba;Conjunto Guatos
826;Corumba;Corumba;Corumba;Cristo Redentor
827;Corumba;Corumba;Corumba;Dom Bosco
828;Corumba;Corumba;Corumba;Generoso
829;Corumba;Corumba;Corumba;Jardim Dos Estados
830;Corumba;Corumba;Corumba;Jardim Florestal
831;Corumba;Corumba;Corumba;Maria Leite
832;Corumba;Corumba;Corumba;Nova Corumba
833;Corumba;Corumba;Corumba;Padre Ernesto Sassida
834;Corumba;Corumba;Corumba;Popular Nova
835;Corumba;Corumba;Corumba;Popular Velha
836;Corumba;Corumba;Corumba;Previsul
837;Corumba;Corumba;Corumba;Universitario
838;Corumba;Corumba;Corumba;Vila Guarani
839;Corumba;Corumba;Corumba;Vila Mamona
840;Corumba;Corumba;Corumba;Vila Populares
841;Corumba;Corumba;Ladario;Alta Floresta I
842;Corumba;Corumba;Ladario;Boa Esperanca
843;Corumba;Corumba;Ladario;Centro
844;Corumba;Corumba;Ladario;Cohab
845;Corumba;Corumba;Ladario;Distrito Industrial De Ladario
846;Corumba;Corumba;Ladario;Nova Alianca
847;Corumba;Corumba;Ladario;Rural
848;Corumba;Corumba;Ladario;Santo Antonio
849;Corumba;Jardim;Bela Vista;Agua Doce
850;Corumba;Jardim;Bela Vista;Antonio Joao
851;Corumba;Jardim;Bela Vista;Centro
852;Corumba;Jardim;Bela Vista;Centro II
853;Corumba;Jardim;Bela Vista;Centro III
854;Corumba;Jardim;Bela Vista;Centro Velho
855;Corumba;Jardim;Bela Vista;Costa E Silva
856;Corumba;Jardim;Bela Vista;Espirito Santo
857;Corumba;Jardim;Bela Vista;Itaborai
858;Corumba;Jardim;Bela Vista;Jardim Boa Vista
859;Corumba;Jardim;Bela Vista;Maneco Miranda Serradinho
860;Corumba;Jardim;Bela Vista;Planalto
861;Corumba;Jardim;Bela Vista;Primavera 1
862;Corumba;Jardim;Bela Vista;Primavera IV
863;Corumba;Jardim;Bela Vista;Zona Rural
864;Corumba;Jardim;Bonito;Aguas Do Miranda
865;Corumba;Jardim;Bonito;Atlantico
866;Corumba;Jardim;Bonito;Autonomista
867;Corumba;Jardim;Bonito;Bom Viver 1
868;Corumba;Jardim;Bonito;Centro
869;Corumba;Jardim;Bonito;Donaria
870;Corumba;Jardim;Bonito;Dr Pires Donaria
871;Corumba;Jardim;Bonito;Jardim Andreia
872;Corumba;Jardim;Bonito;Marambaia
873;Corumba;Jardim;Bonito;Parque Das Aguas
874;Corumba;Jardim;Bonito;Residencial Lago Azul
875;Corumba;Jardim;Bonito;Rincao Bonito
876;Corumba;Jardim;Bonito;Solar Dos Lagos 2
877;Corumba;Jardim;Bonito;Taruma Hipica Park
878;Corumba;Jardim;Bonito;Vila Donaria
879;Corumba;Jardim;Bonito;Vila Jaragua
880;Corumba;Jardim;Bonito;Vila Machado
881;Corumba;Jardim;Bonito;Vila Marambaia
882;Corumba;Jardim;Bonito;Zona Rural
883;Corumba;Jardim;Caracol;Centro
884;Corumba;Jardim;Caracol;Zona Rural
885;Corumba;Jardim;Guia Lopes da Laguna;Centro
886;Corumba;Jardim;Guia Lopes da Laguna;Industrial
887;Corumba;Jardim;Guia Lopes da Laguna;Planalto
888;Corumba;Jardim;Guia Lopes da Laguna;Ponte Do Ariranha
889;Corumba;Jardim;Guia Lopes da Laguna;Sao Cristovao
890;Corumba;Jardim;Guia Lopes da Laguna;Sao Miguel
891;Corumba;Jardim;Guia Lopes da Laguna;Vila Industrial
892;Corumba;Jardim;Guia Lopes da Laguna;Vila Sao Miguel
893;Corumba;Jardim;Guia Lopes da Laguna;Zona Rural
894;Corumba;Jardim;Jardim;Cel Camisao
895;Corumba;Jardim;Jardim;Cel. Camisao
896;Corumba;Jardim;Jardim;Centro
897;Corumba;Jardim;Jardim;Jardim Aurea
898;Corumba;Jardim;Jardim;Jardim Bela Vista
899;Corumba;Jardim;Jardim;Jardim Sao Francisco
900;Corumba;Jardim;Jardim;Recanto Feliz
901;Corumba;Jardim;Jardim;Residencial Moa
902;Corumba;Jardim;Jardim;Santa Luzia
903;Corumba;Jardim;Jardim;Vila Angelica
904;Corumba;Jardim;Jardim;Vila Angelica 01
905;Corumba;Jardim;Jardim;Vila Angelica 1
906;Corumba;Jardim;Jardim;Vila Angelica I
907;Corumba;Jardim;Jardim;Vila Angelica II
908;Corumba;Jardim;Jardim;Vila Camisao
909;Corumba;Jardim;Jardim;Vila Carolina
910;Corumba;Jardim;Jardim;Vila Major Costa
911;Corumba;Jardim;Nioaque;Aldeia Cabeceira
912;Corumba;Jardim;Nioaque;Aldeia Taboquinha
913;Corumba;Jardim;Nioaque;Baia
914;Corumba;Jardim;Nioaque;Centro
915;Corumba;Jardim;Nioaque;Rural
916;Corumba;Jardim;Nioaque;Santa Amelia
917;Corumba;Jardim;Nioaque;Sao Miguel
918;Corumba;Jardim;Nioaque;Vila Nova Esperanca
919;Corumba;Jardim;Porto Murtinho;Area Rural De Porto Murtinho
920;Corumba;Jardim;Porto Murtinho;Centro
921;Corumba;Jardim;Porto Murtinho;Dom Pepe I
922;Corumba;Jardim;Porto Murtinho;Dom Pepe II
923;Corumba;Jardim;Porto Murtinho;Jardim Aeroporto
924;Corumba;Jardim;Porto Murtinho;Jockey Club II
925;Corumba;Jardim;Porto Murtinho;Nossa Senhora Aparecida
926;Corumba;Jardim;Porto Murtinho;Salim Cafure
927;Corumba;Jardim;Porto Murtinho;Salim Cafure II
928;Dourados;Amambai;Amambai;Area Rural De Amambai
929;Dourados;Amambai;Amambai;Centro
930;Dourados;Amambai;Amambai;Conjunto Habitacional Caiuas
931;Dourados;Amambai;Amambai;Conjunto Habitacional Previsul
932;Dourados;Amambai;Amambai;Gloria
933;Dourados;Amambai;Amambai;Jardim Ana Mansano
934;Dourados;Amambai;Amambai;Por Do Sol I
935;Dourados;Amambai;Amambai;Vila Alcindo Franco Machado
936;Dourados;Amambai;Amambai;Vila Boa Sorte
937;Dourados;Amambai;Amambai;Vila Cassiano Marcelo
938;Dourados;Amambai;Amambai;Vila Correa
939;Dourados;Amambai;Amambai;Vila Cristina
940;Dourados;Amambai;Amambai;Vila Fioramonte
941;Dourados;Amambai;Amambai;Vila Guaicurus
942;Dourados;Amambai;Amambai;Vila Guape
943;Dourados;Amambai;Amambai;Vila Jardim Panorama
944;Dourados;Amambai;Amambai;Vila Joana Batista
945;Dourados;Amambai;Amambai;Vila Jussara
946;Dourados;Amambai;Amambai;Vila Limeira
947;Dourados;Amambai;Amambai;Vila Martins
948;Dourados;Amambai;Amambai;Vila Orlando Viol
949;Dourados;Amambai;Amambai;Vila Pazeto
950;Dourados;Amambai;Amambai;Vila Pimentel
951;Dourados;Amambai;Amambai;Vila Sao Jorge
952;Dourados;Amambai;Amambai;Vila Xavier
953;Dourados;Amambai;Amambai;Zona Rural
954;Dourados;Amambai;Coronel Sapucaia;Centro
955;Dourados;Amambai;Coronel Sapucaia;Jardim Ipe
956;Dourados;Amambai;Coronel Sapucaia;Jardim Montevideu
957;Dourados;Amambai;Coronel Sapucaia;Jardim Tremembe
958;Dourados;Amambai;Coronel Sapucaia;Nhu Vera
959;Dourados;Amambai;Coronel Sapucaia;Vila Industrial
960;Dourados;Amambai;Coronel Sapucaia;Vila Nova
961;Dourados;Amambai;Paranhos;Centro
962;Dourados;Amambai;Sete Quedas;Centro
963;Dourados;Amambai;Sete Quedas;Jardim Elparaiso
964;Dourados;Amambai;Sete Quedas;Vila Da Paz
965;Dourados;Amambai;Tacuru;Centro
966;Dourados;Amambai;Tacuru;Zona Rual
967;Dourados;Amambai;Tacuru;Zona Rural
968;Dourados;Dourados;Caarapo;Adonai
969;Dourados;Dourados;Caarapo;Aldeia
970;Dourados;Dourados;Caarapo;Capitao Vigario
971;Dourados;Dourados;Caarapo;Centro
972;Dourados;Dourados;Caarapo;Eco Park
973;Dourados;Dourados;Caarapo;Jardim Adonai
974;Dourados;Dourados;Caarapo;Jardim Moria
975;Dourados;Dourados;Caarapo;Planalto
976;Dourados;Dourados;Caarapo;Polo Textil
977;Dourados;Dourados;Caarapo;Residencial Capitao Vigario
978;Dourados;Dourados;Caarapo;Santa Maria
979;Dourados;Dourados;Caarapo;Vila Jari
980;Dourados;Dourados;Caarapo;Vila Planalto
981;Dourados;Dourados;Caarapo;Vila Valdomiro
982;Dourados;Dourados;Caarapo;Zona Rural
983;Dourados;Dourados;Deodapolis;Centro
984;Dourados;Dourados;Deodapolis;Centro (Presidente Castelo)
985;Dourados;Dourados;Deodapolis;Conjunto Habitacional Joao Paulo II
986;Dourados;Dourados;Deodapolis;Jardim America
987;Dourados;Dourados;Deodapolis;Jardim Deodapolis
988;Dourados;Dourados;Deodapolis;Jardim Europa
989;Dourados;Dourados;Deodapolis;Jardim Santa Marta
990;Dourados;Dourados;Deodapolis;Jardim Santo Antonio
991;Dourados;Dourados;Deodapolis;Lagoa Bonita
992;Dourados;Dourados;Deodapolis;Loteamento Santa Terezinha
993;Dourados;Dourados;Deodapolis;Presidente Castelo
994;Dourados;Dourados;Deodapolis;Vila Uniao
995;Dourados;Dourados;Douradina;Centro
996;Dourados;Dourados;Douradina;Vila Planalto
997;Dourados;Dourados;Dourados;Agc - Vila Vargas
998;Dourados;Dourados;Dourados;Aldeia Jaguapiru
999;Dourados;Dourados;Dourados;Altos Do Indaia
1000;Dourados;Dourados;Dourados;Area Rural De Dourados
1001;Dourados;Dourados;Dourados;Cabeceira Alegre
1002;Dourados;Dourados;Dourados;Campo Dourado
1003;Dourados;Dourados;Dourados;Canaa III
1004;Dourados;Dourados;Dourados;Centro
1005;Dourados;Dourados;Dourados;Chacara California
1006;Dourados;Dourados;Dourados;Chacara Castelo I
1007;Dourados;Dourados;Dourados;Chacaras California
1008;Dourados;Dourados;Dourados;Chacaras Castelo I
1009;Dourados;Dourados;Dourados;Cohafaba III Plano
1010;Dourados;Dourados;Dourados;Conjunto Habitacional Izidro Pedroso
1011;Dourados;Dourados;Dourados;Conjunto Habitacional Terra Roxa
1012;Dourados;Dourados;Dourados;Distrito De Indapolis
1013;Dourados;Dourados;Dourados;Distrito Vila Sao Pedro
1014;Dourados;Dourados;Dourados;Ecoville
1015;Dourados;Dourados;Dourados;Esplanada
1016;Dourados;Dourados;Dourados;Estrela Pora
1017;Dourados;Dourados;Dourados;Estrela Tovy
1018;Dourados;Dourados;Dourados;Estrela Vera
1019;Dourados;Dourados;Dourados;Green Park
1020;Dourados;Dourados;Dourados;Guacu
1021;Dourados;Dourados;Dourados;Hectares Park & Resort
1022;Dourados;Dourados;Dourados;Idelfonso Pedroso
1023;Dourados;Dourados;Dourados;Itahum
1024;Dourados;Dourados;Dourados;Jardim Agua Boa
1025;Dourados;Dourados;Dourados;Jardim Alhambra
1026;Dourados;Dourados;Dourados;Jardim America
1027;Dourados;Dourados;Dourados;Jardim Caramuru
1028;Dourados;Dourados;Dourados;Jardim Carisma
1029;Dourados;Dourados;Dourados;Jardim Central
1030;Dourados;Dourados;Dourados;Jardim Climax
1031;Dourados;Dourados;Dourados;Jardim Colibri
1032;Dourados;Dourados;Dourados;Jardim Cristhais
1033;Dourados;Dourados;Dourados;Jardim Das Primaveras
1034;Dourados;Dourados;Dourados;Jardim Deoclecio Artuzzi
1035;Dourados;Dourados;Dourados;Jardim Deoclecio Artuzzi II
1036;Dourados;Dourados;Dourados;Jardim Dos Estados
1037;Dourados;Dourados;Dourados;Jardim Dubai
1038;Dourados;Dourados;Dourados;Jardim Europa
1039;Dourados;Dourados;Dourados;Jardim Florida
1040;Dourados;Dourados;Dourados;Jardim Guaicurus
1041;Dourados;Dourados;Dourados;Jardim Guanabara
1042;Dourados;Dourados;Dourados;Jardim Harrisom De Figueredo
1043;Dourados;Dourados;Dourados;Jardim Ibirapuera
1044;Dourados;Dourados;Dourados;Jardim Independencia
1045;Dourados;Dourados;Dourados;Jardim Inglaterra
1046;Dourados;Dourados;Dourados;Jardim Itaipu
1047;Dourados;Dourados;Dourados;Jardim Italia
1048;Dourados;Dourados;Dourados;Jardim Itamaraca
1049;Dourados;Dourados;Dourados;Jardim Joao Paulo II
1050;Dourados;Dourados;Dourados;Jardim Joquei Clube
1051;Dourados;Dourados;Dourados;Jardim Maipu
1052;Dourados;Dourados;Dourados;Jardim Maracana
1053;Dourados;Dourados;Dourados;Jardim Marcia
1054;Dourados;Dourados;Dourados;Jardim Maringa
1055;Dourados;Dourados;Dourados;Jardim Monte Alegre
1056;Dourados;Dourados;Dourados;Jardim Monte Libano
1057;Dourados;Dourados;Dourados;Jardim Novo Horizonte
1058;Dourados;Dourados;Dourados;Jardim Paulista
1059;Dourados;Dourados;Dourados;Jardim Rasslem
1060;Dourados;Dourados;Dourados;Jardim Santa Maria
1061;Dourados;Dourados;Dourados;Jardim Sao Pedro
1062;Dourados;Dourados;Dourados;Jardim Tropical
1063;Dourados;Dourados;Dourados;Jardim Universitario
1064;Dourados;Dourados;Dourados;Jardim Vitoria
1065;Dourados;Dourados;Dourados;Jd Panambi
1066;Dourados;Dourados;Dourados;Loteamento Pousada Dos Passaros
1067;Dourados;Dourados;Dourados;Nucleo Colonial De Dourados
1068;Dourados;Dourados;Dourados;Panambi Vera
1069;Dourados;Dourados;Dourados;Parque Alvorada
1070;Dourados;Dourados;Dourados;Parque Das Nacoes
1071;Dourados;Dourados;Dourados;Parque Das Nacoes II
1072;Dourados;Dourados;Dourados;Parque Do Lago
1073;Dourados;Dourados;Dourados;Parque Dos Coqueiros
1074;Dourados;Dourados;Dourados;Parque Dos Jequitibas
1075;Dourados;Dourados;Dourados;Parque Nova Dourados
1076;Dourados;Dourados;Dourados;Parque Rincao I
1077;Dourados;Dourados;Dourados;Parque Rincao II
1078;Dourados;Dourados;Dourados;Residencial Cidade Jardim I
1079;Dourados;Dourados;Dourados;Residencial Greenville
1080;Dourados;Dourados;Dourados;Residencial Monte Siao I
1081;Dourados;Dourados;Dourados;Residencial Pantanal
1082;Dourados;Dourados;Dourados;Sao Pedro
1083;Dourados;Dourados;Dourados;Sitiocas Campina Verde
1084;Dourados;Dourados;Dourados;Vila Alba
1085;Dourados;Dourados;Dourados;Vila Aurora
1086;Dourados;Dourados;Dourados;Vila Cachoeirinha
1087;Dourados;Dourados;Dourados;Vila Cuiaba
1088;Dourados;Dourados;Dourados;Vila Erondina
1089;Dourados;Dourados;Dourados;Vila Formosa
1090;Dourados;Dourados;Dourados;Vila Helena
1091;Dourados;Dourados;Dourados;Vila Industrial
1092;Dourados;Dourados;Dourados;Vila Lili
1093;Dourados;Dourados;Dourados;Vila Macauba
1094;Dourados;Dourados;Dourados;Vila Planalto
1095;Dourados;Dourados;Dourados;Vila Popular
1096;Dourados;Dourados;Dourados;Vila Progresso
1097;Dourados;Dourados;Dourados;Vila Roma II
1098;Dourados;Dourados;Dourados;Vila Rosa
1099;Dourados;Dourados;Dourados;Vila Santa Catarina
1100;Dourados;Dourados;Dourados;Vila Sao Braz
1101;Dourados;Dourados;Dourados;Vila Sao Francisco
1102;Dourados;Dourados;Dourados;Vila Sao Luiz
1103;Dourados;Dourados;Dourados;Vila Toscana
1104;Dourados;Dourados;Dourados;Vila Toscana II
1105;Dourados;Dourados;Dourados;Vila Vargas
1106;Dourados;Dourados;Dourados;Vival Dos Ipes
1107;Dourados;Dourados;Fatima do Sul;Centro
1108;Dourados;Dourados;Fatima do Sul;Centro Educacional
1109;Dourados;Dourados;Fatima do Sul;Cohab
1110;Dourados;Dourados;Fatima do Sul;Culturama
1111;Dourados;Dourados;Fatima do Sul;Favo De Mel
1112;Dourados;Dourados;Fatima do Sul;Jardim Hidalgo
1113;Dourados;Dourados;Fatima do Sul;Jardim Paraiso
1114;Dourados;Dourados;Fatima do Sul;Jardim Tatiane
1115;Dourados;Dourados;Fatima do Sul;Jd Hidalgo
1116;Dourados;Dourados;Fatima do Sul;Pioneiro
1117;Dourados;Dourados;Fatima do Sul;Polo Industrial
1118;Dourados;Dourados;Fatima do Sul;Tessapora
1119;Dourados;Dourados;Fatima do Sul;Vila Alves
1120;Dourados;Dourados;Gloria de Dourados;Bnh
1121;Dourados;Dourados;Gloria de Dourados;Centro
1122;Dourados;Dourados;Gloria de Dourados;Vila Industrial
1123;Dourados;Dourados;Itapora;Antonio Rodeline
1124;Dourados;Dourados;Itapora;Area Rural De Carumbe
1125;Dourados;Dourados;Itapora;Area Rural De Itapora
1126;Dourados;Dourados;Itapora;Centro
1127;Dourados;Dourados;Itapora;Cohab
1128;Dourados;Dourados;Itapora;Jardim Sao Bento
1129;Dourados;Dourados;Itapora;Jose Roque
1130;Dourados;Dourados;Itapora;Lagoa
1131;Dourados;Dourados;Itapora;Parque Ipanema
1132;Dourados;Dourados;Itapora;Parque Joao De De Deus
1133;Dourados;Dourados;Itapora;Porciuncola
1134;Dourados;Dourados;Itapora;Prolongamento Pioneira
1135;Dourados;Dourados;Itapora;Santa Terra
1136;Dourados;Dourados;Itapora;Vila Bom Jesus
1137;Dourados;Dourados;Itapora;Vila Pioneira
1138;Dourados;Dourados;Jatei;Centro
1139;Dourados;Dourados;Juti;Centro
1140;Dourados;Dourados;Juti;Cohab Vila Morena
1141;Dourados;Dourados;Laguna Carapa;Bocaja
1142;Dourados;Dourados;Laguna Carapa;Centro
1143;Dourados;Dourados;Laguna Carapa;Cristo Rei
1144;Dourados;Dourados;Maracaju;Alto Das Palmeiras
1145;Dourados;Dourados;Maracaju;Alto Maracaju
1146;Dourados;Dourados;Maracaju;Cambarai
1147;Dourados;Dourados;Maracaju;Centro
1148;Dourados;Dourados;Maracaju;Centro (Vista Alegre)
1149;Dourados;Dourados;Maracaju;Conjunto Egidio Ribeiro
1150;Dourados;Dourados;Maracaju;Conjunto Ema Rigo
1151;Dourados;Dourados;Maracaju;Conjunto Floripes Olegario Lima
1152;Dourados;Dourados;Maracaju;Conjunto Habitacional Francisco B Ferreira - Nene
1153;Dourados;Dourados;Maracaju;Conjunto Inacinha Rocha
1154;Dourados;Dourados;Maracaju;Conjunto San Raphael
1155;Dourados;Dourados;Maracaju;Dom Bosco
1156;Dourados;Dourados;Maracaju;Fortaleza
1157;Dourados;Dourados;Maracaju;Ilha Bela
1158;Dourados;Dourados;Maracaju;Ilha Bela II
1159;Dourados;Dourados;Maracaju;Jardim Guanabara
1160;Dourados;Dourados;Maracaju;Jardim Guanabara II
1161;Dourados;Dourados;Maracaju;Jardim Ipanema
1162;Dourados;Dourados;Maracaju;Jardim Lisboa
1163;Dourados;Dourados;Maracaju;Jardim Verona
1164;Dourados;Dourados;Maracaju;Olidia Rocha
1165;Dourados;Dourados;Maracaju;Paraguai
1166;Dourados;Dourados;Maracaju;Paraguaio
1167;Dourados;Dourados;Maracaju;Porto Bello
1168;Dourados;Dourados;Maracaju;Residencial Monte Verde
1169;Dourados;Dourados;Maracaju;San Rafhael
1170;Dourados;Dourados;Maracaju;Vila Adrien
1171;Dourados;Dourados;Maracaju;Vila Juquita
1172;Dourados;Dourados;Maracaju;Vila Margarida
1173;Dourados;Dourados;Maracaju;Vila Moreninha
1174;Dourados;Dourados;Maracaju;Vivendas Do Sul
1175;Dourados;Dourados;Maracaju;Zona Rural
1176;Dourados;Dourados;Rio Brilhante;Antonia De Souza Barbosa
1177;Dourados;Dourados;Rio Brilhante;Catulino Rodrigues
1178;Dourados;Dourados;Rio Brilhante;Celeste
1179;Dourados;Dourados;Rio Brilhante;Centro
1180;Dourados;Dourados;Rio Brilhante;Joao Zardo
1181;Dourados;Dourados;Rio Brilhante;Manoel Barbosa
1182;Dourados;Dourados;Rio Brilhante;Manoel Das Neves
1183;Dourados;Dourados;Rio Brilhante;Morada Do Sol
1184;Dourados;Dourados;Rio Brilhante;Nere Lima
1185;Dourados;Dourados;Rio Brilhante;Nova Esperanca
1186;Dourados;Dourados;Rio Brilhante;Nova Rio Brilhante
1187;Dourados;Dourados;Rio Brilhante;Olimpico
1188;Dourados;Dourados;Rio Brilhante;Parque Industrial
1189;Dourados;Dourados;Rio Brilhante;Planalto
1190;Dourados;Dourados;Rio Brilhante;Planalto (Benedito Rondon)
1191;Dourados;Dourados;Rio Brilhante;Pro Moradia 15
1192;Dourados;Dourados;Rio Brilhante;Progresso
1193;Dourados;Dourados;Rio Brilhante;Prudencio Thomaz
1194;Dourados;Dourados;Rio Brilhante;Vale Do Sol
1195;Dourados;Dourados;Rio Brilhante;Vila Fatima
1196;Dourados;Dourados;Rio Brilhante;Vila Maria
1197;Dourados;Dourados;Rio Brilhante;Zona Rural
1198;Dourados;Dourados;Vicentina;Altos Do Barreirao
1199;Dourados;Dourados;Vicentina;Centro
1200;Dourados;Navirai-Mundo Novo;Eldorado;Centro
1201;Dourados;Navirai-Mundo Novo;Eldorado;Ipe
1202;Dourados;Navirai-Mundo Novo;Eldorado;Jardim Das Grevileas
1203;Dourados;Navirai-Mundo Novo;Eldorado;Jardim Das Palmeiras
1204;Dourados;Navirai-Mundo Novo;Eldorado;Jardim Dos Ipes
1205;Dourados;Navirai-Mundo Novo;Eldorado;Jardim Novo Eldorado
1206;Dourados;Navirai-Mundo Novo;Eldorado;Jd. Dos Ipes
1207;Dourados;Navirai-Mundo Novo;Eldorado;Rui Barbosa
1208;Dourados;Navirai-Mundo Novo;Eldorado;Spartaco Astolfi
1209;Dourados;Navirai-Mundo Novo;Iguatemi;Centro
1210;Dourados;Navirai-Mundo Novo;Iguatemi;Che Roga Me
1211;Dourados;Navirai-Mundo Novo;Iguatemi;Cidade Iguatemi
1212;Dourados;Navirai-Mundo Novo;Iguatemi;Santa Jalmira
1213;Dourados;Navirai-Mundo Novo;Iguatemi;Vila Marisa
1214;Dourados;Navirai-Mundo Novo;Iguatemi;Vila Nova Esperanca
1215;Dourados;Navirai-Mundo Novo;Iguatemi;Vila Operaria
1216;Dourados;Navirai-Mundo Novo;Iguatemi;Vila Rosa
1217;Dourados;Navirai-Mundo Novo;Iguatemi;Zona Rural
1218;Dourados;Navirai-Mundo Novo;Itaquirai;Centro
1219;Dourados;Navirai-Mundo Novo;Itaquirai;Ebenezer
1220;Dourados;Navirai-Mundo Novo;Itaquirai;Jardim Betel
1221;Dourados;Navirai-Mundo Novo;Itaquirai;Jardim Ipe
1222;Dourados;Navirai-Mundo Novo;Itaquirai;Jardim Nova Era
1223;Dourados;Navirai-Mundo Novo;Itaquirai;Jardim Primavera
1224;Dourados;Navirai-Mundo Novo;Itaquirai;Nova Esperanca
1225;Dourados;Navirai-Mundo Novo;Itaquirai;Residencial Cidade Jardim
1226;Dourados;Navirai-Mundo Novo;Japora;Centro
1227;Dourados;Navirai-Mundo Novo;Japora;Centro (Jacarei)
1228;Dourados;Navirai-Mundo Novo;Japora;Jacarei
1229;Dourados;Navirai-Mundo Novo;Mundo Novo;Area Rural De Mundo Novo
1230;Dourados;Navirai-Mundo Novo;Mundo Novo;Berneck
1231;Dourados;Navirai-Mundo Novo;Mundo Novo;Centro
1232;Dourados;Navirai-Mundo Novo;Mundo Novo;Copagril
1233;Dourados;Navirai-Mundo Novo;Mundo Novo;Fleck
1234;Dourados;Navirai-Mundo Novo;Mundo Novo;Itaipu
1235;Dourados;Navirai-Mundo Novo;Mundo Novo;Sao Jorge
1236;Dourados;Navirai-Mundo Novo;Mundo Novo;Tapajos
1237;Dourados;Navirai-Mundo Novo;Mundo Novo;Universitario
1238;Dourados;Navirai-Mundo Novo;Mundo Novo;Vila Nova
1239;Dourados;Navirai-Mundo Novo;Navirai;Centro
1240;Dourados;Navirai-Mundo Novo;Navirai;Conjunto Habitacional Bnh
1241;Dourados;Navirai-Mundo Novo;Navirai;Conjunto Habitacional Harry Amorim Costa
1242;Dourados;Navirai-Mundo Novo;Navirai;Green Ville Residence
1243;Dourados;Navirai-Mundo Novo;Navirai;Jardim Oasis
1244;Dourados;Navirai-Mundo Novo;Navirai;Jardim Paraiso
1245;Dourados;Navirai-Mundo Novo;Navirai;Jardim Progresso
1246;Dourados;Navirai-Mundo Novo;Navirai;Jardim Uniao
1247;Dourados;Navirai-Mundo Novo;Navirai;Parque Industrial Jardim Paraiso
1248;Dourados;Navirai-Mundo Novo;Navirai;Portal Do Cumandai
1249;Dourados;Navirai-Mundo Novo;Navirai;Portal Residence
1250;Dourados;Navirai-Mundo Novo;Navirai;Residencial Cidade Jardim
1251;Dourados;Navirai-Mundo Novo;Navirai;Residencial Eco Park
1252;Dourados;Navirai-Mundo Novo;Navirai;Residencial Green Park
1253;Dourados;Navirai-Mundo Novo;Navirai;Residencial Italia
1254;Dourados;Navirai-Mundo Novo;Navirai;Residencial Nelson Trad
1255;Dourados;Navirai-Mundo Novo;Navirai;Residencial Sol Nascente
1256;Dourados;Navirai-Mundo Novo;Navirai;Residencial Ype
1257;Dourados;Navirai-Mundo Novo;Navirai;Royal Parque Residence
1258;Dourados;Navirai-Mundo Novo;Navirai;Vila Industrial
1259;Dourados;Navirai-Mundo Novo;Navirai;Zona Urbana
1260;Dourados;Nova Andradina;Anaurilandia;Centro
1261;Dourados;Nova Andradina;Anaurilandia;Centro (Quebracho)
1262;Dourados;Nova Andradina;Anaurilandia;Jardim Dos Estados
1263;Dourados;Nova Andradina;Angelica;Alvorada
1264;Dourados;Nova Andradina;Angelica;Esperanca
1265;Dourados;Nova Andradina;Angelica;Mutum
1266;Dourados;Nova Andradina;Bataypora;Centro
1267;Dourados;Nova Andradina;Bataypora;Jardim Planalto
1268;Dourados;Nova Andradina;Bataypora;Residencial Caique
1269;Dourados;Nova Andradina;Bataypora;Residencial Ivo Pereira De Souza
1270;Dourados;Nova Andradina;Bataypora;Residencial Pantanal
1271;Dourados;Nova Andradina;Bataypora;Vila Antonia Nantes
1272;Dourados;Nova Andradina;Bataypora;Vila Militar
1273;Dourados;Nova Andradina;Ivinhema;Amandina
1274;Dourados;Nova Andradina;Ivinhema;Centro
1275;Dourados;Nova Andradina;Ivinhema;Guirai
1276;Dourados;Nova Andradina;Ivinhema;Guiray
1277;Dourados;Nova Andradina;Ivinhema;Itapoa
1278;Dourados;Nova Andradina;Ivinhema;Jardim Aeroporto
1279;Dourados;Nova Andradina;Ivinhema;Jardim Vitoria
1280;Dourados;Nova Andradina;Ivinhema;Piraveve
1281;Dourados;Nova Andradina;Ivinhema;Residencial Solar Do Vale
1282;Dourados;Nova Andradina;Ivinhema;Solar Do Vale
1283;Dourados;Nova Andradina;Ivinhema;Triguena
1284;Dourados;Nova Andradina;Ivinhema;Triguina
1285;Dourados;Nova Andradina;Ivinhema;Vila Cristina
1286;Dourados;Nova Andradina;Ivinhema;Vitoria
1287;Dourados;Nova Andradina;Nova Andradina;Area Rural (Nova Casa Verde)
1288;Dourados;Nova Andradina;Nova Andradina;Area Rural De Nova Andradina
1289;Dourados;Nova Andradina;Nova Andradina;Argemiro Ortega
1290;Dourados;Nova Andradina;Nova Andradina;Capile
1291;Dourados;Nova Andradina;Nova Andradina;Centro
1292;Dourados;Nova Andradina;Nova Andradina;Centro ( Nova Casa Verde)
1293;Dourados;Nova Andradina;Nova Andradina;Centro Educacional
1294;Dourados;Nova Andradina;Nova Andradina;Cristo Rei
1295;Dourados;Nova Andradina;Nova Andradina;Francisco Alves
1296;Dourados;Nova Andradina;Nova Andradina;Guiomar Soares Andrade
1297;Dourados;Nova Andradina;Nova Andradina;Horto Florestal
1298;Dourados;Nova Andradina;Nova Andradina;Industrial
1299;Dourados;Nova Andradina;Nova Andradina;Mambare
1300;Dourados;Nova Andradina;Nova Andradina;Mambater
1301;Dourados;Nova Andradina;Nova Andradina;Monte Carlo
1302;Dourados;Nova Andradina;Nova Andradina;Morada Do Sol
1303;Dourados;Nova Andradina;Nova Andradina;Paris
1304;Dourados;Nova Andradina;Nova Andradina;Portal Do Parque
1305;Dourados;Nova Andradina;Nova Andradina;Santa Teresinha
1306;Dourados;Nova Andradina;Nova Andradina;Sao Vicente De Paulo
1307;Dourados;Nova Andradina;Nova Andradina;Universitario
1308;Dourados;Nova Andradina;Nova Andradina;Vila Operaria
1309;Dourados;Nova Andradina;Novo Horizonte do Sul;Area Rural De Novo Horizonte Do Sul
1310;Dourados;Nova Andradina;Novo Horizonte do Sul;Centro
1311;Dourados;Nova Andradina;Novo Horizonte do Sul;Vila Nova
1312;Dourados;Nova Andradina;Taquarussu;Centro
1313;Dourados;Ponta Pora;Antonio Joao;Centro
1314;Dourados;Ponta Pora;Antonio Joao;Vila Nova
1315;Dourados;Ponta Pora;Antonio Joao;Vila Penzo
1316;Dourados;Ponta Pora;Aral Moreira;Bairro Satelite
1317;Dourados;Ponta Pora;Aral Moreira;Centro
1318;Dourados;Ponta Pora;Aral Moreira;Jardim Ouro Verde
1319;Dourados;Ponta Pora;Aral Moreira;Satelite
1320;Dourados;Ponta Pora;Aral Moreira;Vila Marques
1321;Dourados;Ponta Pora;Aral Moreira;Vila Satelite
1322;Dourados;Ponta Pora;Ponta Pora;Aquidaban
1323;Dourados;Ponta Pora;Ponta Pora;Bairro Da Granja
1324;Dourados;Ponta Pora;Ponta Pora;Bairro Da Mooca
1325;Dourados;Ponta Pora;Ponta Pora;Bairro Ignes Andreazza
1326;Dourados;Ponta Pora;Ponta Pora;Bairro Sao Domingos
1327;Dourados;Ponta Pora;Ponta Pora;Bosque Caranda I
1328;Dourados;Ponta Pora;Ponta Pora;Bosque De Ponta Pora
1329;Dourados;Ponta Pora;Ponta Pora;Centro
1330;Dourados;Ponta Pora;Ponta Pora;Distrito De Sanga Puita
1331;Dourados;Ponta Pora;Ponta Pora;Fazenda Itamarati
1332;Dourados;Ponta Pora;Ponta Pora;Flanboyant Residencial Park
1333;Dourados;Ponta Pora;Ponta Pora;Jardim Aeroporto
1334;Dourados;Ponta Pora;Ponta Pora;Jardim Altos Da Gloria
1335;Dourados;Ponta Pora;Ponta Pora;Jardim America
1336;Dourados;Ponta Pora;Ponta Pora;Jardim Dos Estados
1337;Dourados;Ponta Pora;Ponta Pora;Jardim Ibirapuera
1338;Dourados;Ponta Pora;Ponta Pora;Jardim Independencia
1339;Dourados;Ponta Pora;Ponta Pora;Jardim Ipanema
1340;Dourados;Ponta Pora;Ponta Pora;Jardim Ivone 1A Secao
1341;Dourados;Ponta Pora;Ponta Pora;Jardim Manvailer
1342;Dourados;Ponta Pora;Ponta Pora;Jardim Panambi
1343;Dourados;Ponta Pora;Ponta Pora;Jardim Planalto 1A Secao
1344;Dourados;Ponta Pora;Ponta Pora;Jardim Planalto 2A Secao
1345;Dourados;Ponta Pora;Ponta Pora;Jardim Primavera I
1346;Dourados;Ponta Pora;Ponta Pora;Jardim Primor
1347;Dourados;Ponta Pora;Ponta Pora;Jardim Sao Joao 1A Secao
1348;Dourados;Ponta Pora;Ponta Pora;Jardim Sao Joao 2A Secao
1349;Dourados;Ponta Pora;Ponta Pora;Jardim Universitario
1350;Dourados;Ponta Pora;Ponta Pora;Jokey Club
1351;Dourados;Ponta Pora;Ponta Pora;Parque Das Aroeiras
1352;Dourados;Ponta Pora;Ponta Pora;Parque Dos Ipes I
1353;Dourados;Ponta Pora;Ponta Pora;Parque Dos Ipes II
1354;Dourados;Ponta Pora;Ponta Pora;Parque Dos Ipes III
1355;Dourados;Ponta Pora;Ponta Pora;Parque Jardim Das Exposicoes
1356;Dourados;Ponta Pora;Ponta Pora;Parque Residencial Monte Carlo
1357;Dourados;Ponta Pora;Ponta Pora;Residencial Do Vale
1358;Dourados;Ponta Pora;Ponta Pora;Residencial Jamil Saldanha Derzi
1359;Dourados;Ponta Pora;Ponta Pora;Residencial Julia De Oliveira Cardinal
1360;Dourados;Ponta Pora;Ponta Pora;Residencial Kamel Saad
1361;Dourados;Ponta Pora;Ponta Pora;Residencial Manoel Padial Urel
1362;Dourados;Ponta Pora;Ponta Pora;Residencial Ponta Pora I
1363;Dourados;Ponta Pora;Ponta Pora;Residencial Ponta Pora II
1364;Dourados;Ponta Pora;Ponta Pora;Residencial Sao Rafael
1365;Dourados;Ponta Pora;Ponta Pora;Sanga Puita
1366;Dourados;Ponta Pora;Ponta Pora;Vila Aurea
1367;Dourados;Ponta Pora;Ponta Pora;Vila Cohab
1368;Dourados;Ponta Pora;Ponta Pora;Vila Deputado Aral Moreira
1369;Dourados;Ponta Pora;Ponta Pora;Vila Ferroviaria II
1370;Dourados;Ponta Pora;Ponta Pora;Vila Maria Auxiliadora
1371;Dourados;Ponta Pora;Ponta Pora;Vila Ministro Salgado Filho
1372;Dourados;Ponta Pora;Ponta Pora;Vila Reno
1373;Dourados;Ponta Pora;Ponta Pora;Vila Vitoria
1374;Dourados;Ponta Pora;Ponta Pora;Zona De Sao Tomaz
